-- phpMyAdmin SQL Dump
-- version 3.4.5
-- http://www.phpmyadmin.net
--
-- Host: localhost
-- Generation Time: Jul 26, 2013 at 04:40 AM
-- Server version: 5.5.16
-- PHP Version: 5.3.8

SET SQL_MODE="NO_AUTO_VALUE_ON_ZERO";
SET time_zone = "+00:00";


/*!40101 SET @OLD_CHARACTER_SET_CLIENT=@@CHARACTER_SET_CLIENT */;
/*!40101 SET @OLD_CHARACTER_SET_RESULTS=@@CHARACTER_SET_RESULTS */;
/*!40101 SET @OLD_COLLATION_CONNECTION=@@COLLATION_CONNECTION */;
/*!40101 SET NAMES utf8 */;

--
-- Database: `rtu_rns`
--

-- --------------------------------------------------------

--
-- Table structure for table `detectors`
--

CREATE TABLE IF NOT EXISTS `detectors` (
  `id` int(10) unsigned NOT NULL AUTO_INCREMENT,
  `run_id` int(10) unsigned NOT NULL DEFAULT '0',
  `generation` int(10) unsigned NOT NULL DEFAULT '0',
  `parent_id` int(10) unsigned NOT NULL DEFAULT '0',
  `centre_point_id` int(10) unsigned NOT NULL DEFAULT '0',
  `radius` float(11,3) NOT NULL DEFAULT '0.000',
  `score` int(10) unsigned NOT NULL DEFAULT '0',
  `overlap` float(11,3) NOT NULL DEFAULT '0.000',
  PRIMARY KEY (`id`)
) ENGINE=InnoDB  DEFAULT CHARSET=utf8 AUTO_INCREMENT=401 ;

--
-- Dumping data for table `detectors`
--

INSERT INTO `detectors` (`id`, `run_id`, `generation`, `parent_id`, `centre_point_id`, `radius`, `score`, `overlap`) VALUES
(1, 1, 0, 0, 11, 300.000, 0, 0.000),
(2, 1, 0, 0, 12, 300.000, 0, 0.001),
(3, 1, 0, 0, 13, 300.000, 0, 0.012),
(4, 1, 0, 0, 14, 155.191, 1, 10.601),
(5, 1, 0, 0, 15, 300.000, 0, 0.002),
(6, 1, 0, 0, 16, 300.000, 0, 0.006),
(7, 1, 0, 0, 17, 300.000, 0, 0.001),
(8, 1, 0, 0, 18, 300.000, 0, 0.003),
(9, 1, 0, 0, 19, 217.497, 0, 0.804),
(10, 1, 0, 0, 20, 300.000, 0, 0.002),
(11, 1, 0, 0, 21, 300.000, 0, 0.000),
(12, 1, 0, 0, 22, 300.000, 0, 0.014),
(13, 1, 0, 0, 23, 300.000, 0, 0.006),
(14, 1, 0, 0, 24, 300.000, 0, 0.000),
(15, 1, 0, 0, 25, 208.588, 1, 16.918),
(16, 1, 0, 0, 26, 300.000, 1, 0.281),
(17, 1, 0, 0, 27, 132.282, 1, 0.794),
(18, 1, 0, 0, 28, 300.000, 0, 0.000),
(19, 1, 0, 0, 29, 300.000, 0, 0.000),
(20, 1, 0, 0, 30, 300.000, 0, 0.000),
(21, 1, 0, 0, 32, 300.000, 0, 0.000),
(22, 1, 0, 0, 33, 300.000, 0, 0.001),
(23, 1, 0, 0, 34, 300.000, 1, 0.012),
(24, 1, 0, 0, 35, 155.191, 1, 10.601),
(25, 1, 0, 0, 36, 300.000, 0, 0.002),
(26, 1, 0, 0, 37, 300.000, 0, 0.006),
(27, 1, 0, 0, 38, 300.000, 0, 0.001),
(28, 1, 0, 0, 39, 300.000, 0, 0.003),
(29, 1, 0, 0, 40, 217.497, 0, 0.804),
(30, 1, 0, 0, 41, 300.000, 0, 0.002),
(31, 1, 0, 0, 42, 300.000, 0, 0.000),
(32, 1, 0, 0, 43, 300.000, 1, 0.014),
(33, 1, 0, 0, 44, 300.000, 0, 0.006),
(34, 1, 0, 0, 45, 300.000, 0, 0.000),
(35, 1, 0, 0, 46, 208.588, 1, 16.918),
(36, 1, 0, 0, 47, 300.000, 1, 0.281),
(37, 1, 0, 0, 48, 132.282, 1, 0.794),
(38, 1, 0, 0, 49, 300.000, 0, 0.000),
(39, 1, 0, 0, 50, 300.000, 0, 0.000),
(40, 1, 0, 0, 51, 300.000, 0, 0.000),
(41, 1, 0, 0, 53, 300.000, 0, 0.000),
(42, 1, 0, 0, 54, 300.000, 1, 0.001),
(43, 1, 0, 0, 55, 300.000, 2, 0.012),
(44, 1, 0, 0, 56, 155.191, 1, 10.601),
(45, 1, 0, 0, 57, 300.000, 1, 0.002),
(46, 1, 0, 0, 58, 300.000, 0, 0.006),
(47, 1, 0, 0, 59, 300.000, 0, 0.001),
(48, 1, 0, 0, 60, 300.000, 0, 0.003),
(49, 1, 0, 0, 61, 217.497, 1, 0.804),
(50, 1, 0, 0, 62, 300.000, 0, 0.002),
(51, 1, 0, 0, 63, 300.000, 0, 0.000),
(52, 1, 0, 0, 64, 300.000, 2, 0.014),
(53, 1, 0, 0, 65, 300.000, 0, 0.006),
(54, 1, 0, 0, 66, 300.000, 0, 0.000),
(55, 1, 0, 0, 67, 208.588, 1, 16.918),
(56, 1, 0, 0, 68, 300.000, 2, 0.281),
(57, 1, 0, 0, 69, 132.282, 1, 0.794),
(58, 1, 0, 0, 70, 300.000, 0, 0.000),
(59, 1, 0, 0, 71, 300.000, 0, 0.000),
(60, 1, 0, 0, 72, 300.000, 0, 0.000),
(61, 1, 0, 0, 74, 300.000, 0, 0.000),
(62, 1, 0, 0, 75, 300.000, 1, 0.001),
(63, 1, 0, 0, 76, 300.000, 2, 0.012),
(64, 1, 0, 0, 77, 155.191, 1, 10.601),
(65, 1, 0, 0, 78, 300.000, 1, 0.002),
(66, 1, 0, 0, 79, 300.000, 0, 0.006),
(67, 1, 0, 0, 80, 300.000, 0, 0.001),
(68, 1, 0, 0, 81, 300.000, 0, 0.003),
(69, 1, 0, 0, 82, 217.497, 1, 0.804),
(70, 1, 0, 0, 83, 300.000, 0, 0.002),
(71, 1, 0, 0, 84, 300.000, 0, 0.000),
(72, 1, 0, 0, 85, 300.000, 2, 0.014),
(73, 1, 0, 0, 86, 300.000, 0, 0.006),
(74, 1, 0, 0, 87, 300.000, 0, 0.000),
(75, 1, 0, 0, 88, 208.588, 1, 16.918),
(76, 1, 0, 0, 89, 300.000, 2, 0.281),
(77, 1, 0, 0, 90, 132.282, 1, 0.794),
(78, 1, 0, 0, 91, 300.000, 0, 0.000),
(79, 1, 0, 0, 92, 300.000, 0, 0.000),
(80, 1, 0, 0, 93, 300.000, 0, 0.000),
(81, 1, 0, 0, 95, 300.000, 0, 0.000),
(82, 1, 0, 0, 96, 300.000, 2, 0.001),
(83, 1, 0, 0, 97, 300.000, 2, 0.012),
(84, 1, 0, 0, 98, 155.191, 1, 10.601),
(85, 1, 0, 0, 99, 300.000, 1, 0.002),
(86, 1, 0, 0, 100, 300.000, 0, 0.006),
(87, 1, 0, 0, 101, 300.000, 0, 0.001),
(88, 1, 0, 0, 102, 300.000, 0, 0.003),
(89, 1, 0, 0, 103, 217.497, 1, 0.804),
(90, 1, 0, 0, 104, 300.000, 0, 0.002),
(91, 1, 0, 0, 105, 300.000, 1, 0.000),
(92, 1, 0, 0, 106, 300.000, 2, 0.014),
(93, 1, 0, 0, 107, 300.000, 0, 0.006),
(94, 1, 0, 0, 108, 300.000, 0, 0.000),
(95, 1, 0, 0, 109, 208.588, 1, 16.918),
(96, 1, 0, 0, 110, 300.000, 3, 0.281),
(97, 1, 0, 0, 111, 132.282, 1, 0.794),
(98, 1, 0, 0, 112, 300.000, 0, 0.000),
(99, 1, 0, 0, 113, 300.000, 0, 0.000),
(100, 1, 0, 0, 114, 300.000, 0, 0.000),
(101, 1, 0, 0, 116, 300.000, 0, 0.000),
(102, 1, 0, 0, 117, 300.000, 2, 0.001),
(103, 1, 0, 0, 118, 300.000, 2, 0.012),
(104, 1, 0, 0, 119, 155.191, 1, 10.601),
(105, 1, 0, 0, 120, 300.000, 1, 0.002),
(106, 1, 0, 0, 121, 300.000, 0, 0.006),
(107, 1, 0, 0, 122, 300.000, 0, 0.001),
(108, 1, 0, 0, 123, 300.000, 0, 0.003),
(109, 1, 0, 0, 124, 217.497, 1, 0.804),
(110, 1, 0, 0, 125, 300.000, 0, 0.002),
(111, 1, 0, 0, 126, 300.000, 1, 0.000),
(112, 1, 0, 0, 127, 300.000, 2, 0.014),
(113, 1, 0, 0, 128, 300.000, 1, 0.006),
(114, 1, 0, 0, 129, 300.000, 0, 0.000),
(115, 1, 0, 0, 130, 208.588, 1, 16.918),
(116, 1, 0, 0, 131, 300.000, 3, 0.281),
(117, 1, 0, 0, 132, 132.282, 1, 0.794),
(118, 1, 0, 0, 133, 300.000, 0, 0.000),
(119, 1, 0, 0, 134, 300.000, 0, 0.000),
(120, 1, 0, 0, 135, 300.000, 0, 0.000),
(121, 1, 1, 0, 137, 300.000, 4, 0.281),
(122, 1, 1, 0, 138, 300.000, 2, 0.012),
(123, 1, 1, 0, 139, 300.000, 2, 0.014),
(124, 1, 1, 0, 140, 300.000, 2, 0.001),
(125, 1, 1, 0, 141, 217.497, 1, 0.804),
(126, 1, 1, 0, 142, 300.000, 1, 0.002),
(127, 1, 1, 0, 143, 155.191, 2, 10.601),
(128, 1, 1, 0, 144, 132.282, 1, 0.794),
(129, 1, 1, 0, 145, 208.588, 1, 16.918),
(130, 1, 1, 0, 146, 300.000, 1, 0.006),
(131, 1, 1, 0, 147, 300.000, 1, 0.000),
(132, 1, 1, 0, 148, 300.000, 0, 0.002),
(133, 1, 1, 0, 149, 300.000, 0, 0.003),
(134, 1, 1, 0, 150, 300.000, 0, 0.001),
(135, 1, 1, 0, 151, 300.000, 0, 0.006),
(136, 1, 1, 0, 152, 300.000, 0, 0.000),
(137, 1, 1, 102, 153, 300.000, 0, 0.000),
(138, 1, 1, 112, 154, 300.000, 0, 0.000),
(139, 1, 1, 103, 155, 300.000, 0, 0.000),
(140, 1, 1, 116, 156, 300.000, 0, 0.000),
(141, 1, 1, 0, 158, 300.000, 4, 0.281),
(142, 1, 1, 0, 159, 300.000, 2, 0.012),
(143, 1, 1, 0, 160, 300.000, 2, 0.014),
(144, 1, 1, 0, 161, 300.000, 2, 0.001),
(145, 1, 1, 0, 162, 217.497, 1, 0.804),
(146, 1, 1, 0, 163, 300.000, 1, 0.002),
(147, 1, 1, 0, 164, 155.191, 2, 10.601),
(148, 1, 1, 0, 165, 132.282, 1, 0.794),
(149, 1, 1, 0, 166, 208.588, 1, 16.918),
(150, 1, 1, 0, 167, 300.000, 1, 0.006),
(151, 1, 1, 0, 168, 300.000, 2, 0.000),
(152, 1, 1, 0, 169, 300.000, 0, 0.002),
(153, 1, 1, 0, 170, 300.000, 0, 0.003),
(154, 1, 1, 0, 171, 300.000, 0, 0.001),
(155, 1, 1, 0, 172, 300.000, 0, 0.006),
(156, 1, 1, 0, 173, 300.000, 1, 0.000),
(157, 1, 1, 102, 174, 300.000, 0, 0.000),
(158, 1, 1, 112, 175, 300.000, 0, 0.000),
(159, 1, 1, 103, 176, 300.000, 0, 0.000),
(160, 1, 1, 116, 177, 300.000, 0, 0.000),
(161, 1, 1, 0, 179, 300.000, 4, 0.281),
(162, 1, 1, 0, 180, 300.000, 2, 0.012),
(163, 1, 1, 0, 181, 300.000, 2, 0.014),
(164, 1, 1, 0, 182, 300.000, 3, 0.001),
(165, 1, 1, 0, 183, 217.497, 1, 0.804),
(166, 1, 1, 0, 184, 300.000, 1, 0.002),
(167, 1, 1, 0, 185, 155.191, 2, 10.601),
(168, 1, 1, 0, 186, 132.282, 1, 0.794),
(169, 1, 1, 0, 187, 208.588, 1, 16.918),
(170, 1, 1, 0, 188, 300.000, 1, 0.006),
(171, 1, 1, 0, 189, 300.000, 3, 0.000),
(172, 1, 1, 0, 190, 300.000, 0, 0.002),
(173, 1, 1, 0, 191, 300.000, 0, 0.003),
(174, 1, 1, 0, 192, 300.000, 0, 0.001),
(175, 1, 1, 0, 193, 300.000, 0, 0.006),
(176, 1, 1, 0, 194, 300.000, 2, 0.000),
(177, 1, 1, 102, 195, 300.000, 1, 0.000),
(178, 1, 1, 112, 196, 300.000, 0, 0.000),
(179, 1, 1, 103, 197, 300.000, 0, 0.000),
(180, 1, 1, 116, 198, 300.000, 1, 0.000),
(181, 1, 1, 0, 200, 300.000, 4, 0.281),
(182, 1, 1, 0, 201, 300.000, 2, 0.012),
(183, 1, 1, 0, 202, 300.000, 2, 0.014),
(184, 1, 1, 0, 203, 300.000, 4, 0.001),
(185, 1, 1, 0, 204, 217.497, 1, 0.804),
(186, 1, 1, 0, 205, 300.000, 1, 0.002),
(187, 1, 1, 0, 206, 155.191, 2, 10.601),
(188, 1, 1, 0, 207, 132.282, 1, 0.794),
(189, 1, 1, 0, 208, 208.588, 2, 16.918),
(190, 1, 1, 0, 209, 300.000, 1, 0.006),
(191, 1, 1, 0, 210, 300.000, 4, 0.000),
(192, 1, 1, 0, 211, 300.000, 1, 0.002),
(193, 1, 1, 0, 212, 300.000, 0, 0.003),
(194, 1, 1, 0, 213, 300.000, 0, 0.001),
(195, 1, 1, 0, 214, 300.000, 0, 0.006),
(196, 1, 1, 0, 215, 300.000, 3, 0.000),
(197, 1, 1, 102, 216, 300.000, 2, 0.000),
(198, 1, 1, 112, 217, 300.000, 0, 0.000),
(199, 1, 1, 103, 218, 300.000, 0, 0.000),
(200, 1, 1, 116, 219, 300.000, 2, 0.000),
(201, 1, 1, 0, 221, 300.000, 4, 0.281),
(202, 1, 1, 0, 222, 300.000, 2, 0.012),
(203, 1, 1, 0, 223, 300.000, 2, 0.014),
(204, 1, 1, 0, 224, 300.000, 4, 0.001),
(205, 1, 1, 0, 225, 217.497, 1, 0.804),
(206, 1, 1, 0, 226, 300.000, 1, 0.002),
(207, 1, 1, 0, 227, 155.191, 2, 10.601),
(208, 1, 1, 0, 228, 132.282, 2, 0.794),
(209, 1, 1, 0, 229, 208.588, 2, 16.918),
(210, 1, 1, 0, 230, 300.000, 1, 0.006),
(211, 1, 1, 0, 231, 300.000, 4, 0.000),
(212, 1, 1, 0, 232, 300.000, 1, 0.002),
(213, 1, 1, 0, 233, 300.000, 0, 0.003),
(214, 1, 1, 0, 234, 300.000, 0, 0.001),
(215, 1, 1, 0, 235, 300.000, 0, 0.006),
(216, 1, 1, 0, 236, 300.000, 3, 0.000),
(217, 1, 1, 102, 237, 300.000, 2, 0.000),
(218, 1, 1, 112, 238, 300.000, 0, 0.000),
(219, 1, 1, 103, 239, 300.000, 0, 0.000),
(220, 1, 1, 116, 240, 300.000, 2, 0.000),
(221, 1, 2, 0, 242, 300.000, 4, 0.065),
(222, 1, 2, 0, 243, 300.000, 4, 0.002),
(223, 1, 2, 0, 244, 300.000, 4, 0.008),
(224, 1, 2, 0, 245, 300.000, 3, 0.000),
(225, 1, 2, 0, 246, 208.588, 2, 3.439),
(226, 1, 2, 0, 247, 132.282, 2, 0.922),
(227, 1, 2, 0, 248, 155.191, 2, 8.528),
(228, 1, 2, 0, 249, 300.000, 2, 0.001),
(229, 1, 2, 116, 250, 300.000, 2, 0.000),
(230, 1, 2, 102, 251, 300.000, 2, 0.000),
(231, 1, 2, 0, 252, 300.000, 2, 0.001),
(232, 1, 2, 0, 253, 300.000, 1, 0.006),
(233, 1, 2, 0, 254, 300.000, 1, 0.002),
(234, 1, 2, 0, 255, 217.497, 1, 0.081),
(235, 1, 2, 0, 256, 300.000, 1, 0.003),
(236, 1, 2, 103, 257, 300.000, 0, 0.001),
(237, 1, 2, 216, 258, 300.000, 0, 0.000),
(238, 1, 2, 201, 259, 300.000, 0, 0.000),
(239, 1, 2, 211, 260, 300.000, 0, 0.000),
(240, 1, 2, 204, 261, 300.000, 0, 0.000),
(241, 1, 2, 0, 263, 300.000, 4, 0.065),
(242, 1, 2, 0, 264, 300.000, 4, 0.002),
(243, 1, 2, 0, 265, 300.000, 5, 0.008),
(244, 1, 2, 0, 266, 300.000, 3, 0.000),
(245, 1, 2, 0, 267, 208.588, 2, 3.439),
(246, 1, 2, 0, 268, 132.282, 2, 0.922),
(247, 1, 2, 0, 269, 155.191, 2, 8.528),
(248, 1, 2, 0, 270, 300.000, 2, 0.001),
(249, 1, 2, 116, 271, 300.000, 3, 0.000),
(250, 1, 2, 102, 272, 300.000, 3, 0.000),
(251, 1, 2, 0, 273, 300.000, 2, 0.001),
(252, 1, 2, 0, 274, 300.000, 1, 0.006),
(253, 1, 2, 0, 275, 300.000, 1, 0.002),
(254, 1, 2, 0, 276, 217.497, 1, 0.081),
(255, 1, 2, 0, 277, 300.000, 1, 0.003),
(256, 1, 2, 103, 278, 300.000, 0, 0.001),
(257, 1, 2, 216, 279, 300.000, 0, 0.000),
(258, 1, 2, 201, 280, 300.000, 1, 0.000),
(259, 1, 2, 211, 281, 300.000, 0, 0.000),
(260, 1, 2, 204, 282, 300.000, 1, 0.000),
(261, 1, 2, 0, 284, 300.000, 5, 0.065),
(262, 1, 2, 0, 285, 300.000, 5, 0.002),
(263, 1, 2, 0, 286, 300.000, 5, 0.008),
(264, 1, 2, 0, 287, 300.000, 4, 0.000),
(265, 1, 2, 0, 288, 208.588, 2, 3.439),
(266, 1, 2, 0, 289, 132.282, 2, 0.922),
(267, 1, 2, 0, 290, 155.191, 2, 8.528),
(268, 1, 2, 0, 291, 300.000, 2, 0.001),
(269, 1, 2, 116, 292, 300.000, 3, 0.000),
(270, 1, 2, 102, 293, 300.000, 3, 0.000),
(271, 1, 2, 0, 294, 300.000, 2, 0.001),
(272, 1, 2, 0, 295, 300.000, 2, 0.006),
(273, 1, 2, 0, 296, 300.000, 1, 0.002),
(274, 1, 2, 0, 297, 217.497, 1, 0.081),
(275, 1, 2, 0, 298, 300.000, 2, 0.003),
(276, 1, 2, 103, 299, 300.000, 0, 0.001),
(277, 1, 2, 216, 300, 300.000, 1, 0.000),
(278, 1, 2, 201, 301, 300.000, 1, 0.000),
(279, 1, 2, 211, 302, 300.000, 1, 0.000),
(280, 1, 2, 204, 303, 300.000, 1, 0.000),
(281, 1, 2, 0, 305, 300.000, 5, 0.065),
(282, 1, 2, 0, 306, 300.000, 5, 0.002),
(283, 1, 2, 0, 307, 300.000, 6, 0.008),
(284, 1, 2, 0, 308, 300.000, 4, 0.000),
(285, 1, 2, 0, 309, 208.588, 3, 3.439),
(286, 1, 2, 0, 310, 132.282, 3, 0.922),
(287, 1, 2, 0, 311, 155.191, 3, 8.528),
(288, 1, 2, 0, 312, 300.000, 2, 0.001),
(289, 1, 2, 116, 313, 300.000, 4, 0.000),
(290, 1, 2, 102, 314, 300.000, 4, 0.000),
(291, 1, 2, 0, 315, 300.000, 2, 0.001),
(292, 1, 2, 0, 316, 300.000, 2, 0.006),
(293, 1, 2, 0, 317, 300.000, 1, 0.002),
(294, 1, 2, 0, 318, 217.497, 1, 0.081),
(295, 1, 2, 0, 319, 300.000, 2, 0.003),
(296, 1, 2, 103, 320, 300.000, 0, 0.001),
(297, 1, 2, 216, 321, 300.000, 1, 0.000),
(298, 1, 2, 201, 322, 300.000, 2, 0.000),
(299, 1, 2, 211, 323, 300.000, 1, 0.000),
(300, 1, 2, 204, 324, 300.000, 2, 0.000),
(301, 1, 2, 0, 326, 300.000, 5, 0.065),
(302, 1, 2, 0, 327, 300.000, 5, 0.002),
(303, 1, 2, 0, 328, 300.000, 6, 0.008),
(304, 1, 2, 0, 329, 300.000, 4, 0.000),
(305, 1, 2, 0, 330, 208.588, 3, 3.439),
(306, 1, 2, 0, 331, 132.282, 3, 0.922),
(307, 1, 2, 0, 332, 155.191, 3, 8.528),
(308, 1, 2, 0, 333, 300.000, 2, 0.001),
(309, 1, 2, 116, 334, 300.000, 4, 0.000),
(310, 1, 2, 102, 335, 300.000, 4, 0.000),
(311, 1, 2, 0, 336, 300.000, 2, 0.001),
(312, 1, 2, 0, 337, 300.000, 2, 0.006),
(313, 1, 2, 0, 338, 300.000, 1, 0.002),
(314, 1, 2, 0, 339, 217.497, 2, 0.081),
(315, 1, 2, 0, 340, 300.000, 2, 0.003),
(316, 1, 2, 103, 341, 300.000, 0, 0.001),
(317, 1, 2, 216, 342, 300.000, 1, 0.000),
(318, 1, 2, 201, 343, 300.000, 2, 0.000),
(319, 1, 2, 211, 344, 300.000, 1, 0.000),
(320, 1, 2, 204, 345, 300.000, 2, 0.000),
(321, 1, 3, 0, 347, 300.000, 7, 0.281),
(322, 1, 3, 0, 348, 300.000, 5, 0.003),
(323, 1, 3, 0, 349, 300.000, 6, 0.001),
(324, 1, 3, 102, 350, 300.000, 5, 0.064),
(325, 1, 3, 116, 351, 300.000, 5, 0.064),
(326, 1, 3, 0, 352, 300.000, 4, 0.000),
(327, 1, 3, 0, 353, 155.191, 3, 484.739),
(328, 1, 3, 0, 354, 132.282, 3, 18.580),
(329, 1, 3, 0, 355, 208.588, 4, 16.918),
(330, 1, 3, 0, 356, 300.000, 2, 0.001),
(331, 1, 3, 204, 357, 300.000, 3, 0.064),
(332, 1, 3, 201, 358, 300.000, 3, 0.064),
(333, 1, 3, 0, 359, 300.000, 3, 0.002),
(334, 1, 3, 0, 360, 217.497, 2, 0.076),
(335, 1, 3, 0, 361, 300.000, 2, 0.006),
(336, 1, 3, 0, 362, 300.000, 2, 0.001),
(337, 1, 3, 310, 363, 300.000, 1, 0.000),
(338, 1, 3, 301, 364, 300.000, 1, 0.000),
(339, 1, 3, 302, 365, 300.000, 0, 0.000),
(340, 1, 3, 303, 366, 300.000, 1, 0.000),
(341, 1, 3, 0, 368, 300.000, 8, 0.281),
(342, 1, 3, 0, 369, 300.000, 5, 0.003),
(343, 1, 3, 0, 370, 300.000, 6, 0.001),
(344, 1, 3, 102, 371, 300.000, 6, 0.064),
(345, 1, 3, 116, 372, 300.000, 6, 0.064),
(346, 1, 3, 0, 373, 300.000, 4, 0.000),
(347, 1, 3, 0, 374, 155.191, 3, 484.739),
(348, 1, 3, 0, 375, 132.282, 3, 18.580),
(349, 1, 3, 0, 376, 208.588, 4, 16.918),
(350, 1, 3, 0, 377, 300.000, 2, 0.001),
(351, 1, 3, 204, 378, 300.000, 4, 0.064),
(352, 1, 3, 201, 379, 300.000, 4, 0.064),
(353, 1, 3, 0, 380, 300.000, 3, 0.002),
(354, 1, 3, 0, 381, 217.497, 2, 0.076),
(355, 1, 3, 0, 382, 300.000, 2, 0.006),
(356, 1, 3, 0, 383, 300.000, 2, 0.001),
(357, 1, 3, 310, 384, 300.000, 1, 0.000),
(358, 1, 3, 301, 385, 300.000, 2, 0.000),
(359, 1, 3, 302, 386, 300.000, 0, 0.000),
(360, 1, 3, 303, 387, 300.000, 2, 0.000),
(361, 1, 3, 0, 389, 300.000, 8, 0.281),
(362, 1, 3, 0, 390, 300.000, 5, 0.003),
(363, 1, 3, 0, 391, 300.000, 6, 0.001),
(364, 1, 3, 102, 392, 300.000, 6, 0.064),
(365, 1, 3, 116, 393, 300.000, 6, 0.064),
(366, 1, 3, 0, 394, 300.000, 4, 0.000),
(367, 1, 3, 0, 395, 155.191, 3, 484.739),
(368, 1, 3, 0, 396, 132.282, 3, 18.580),
(369, 1, 3, 0, 397, 208.588, 4, 16.918),
(370, 1, 3, 0, 398, 300.000, 2, 0.001),
(371, 1, 3, 204, 399, 300.000, 4, 0.064),
(372, 1, 3, 201, 400, 300.000, 4, 0.064),
(373, 1, 3, 0, 401, 300.000, 3, 0.002),
(374, 1, 3, 0, 402, 217.497, 2, 0.076),
(375, 1, 3, 0, 403, 300.000, 3, 0.006),
(376, 1, 3, 0, 404, 300.000, 2, 0.001),
(377, 1, 3, 310, 405, 300.000, 1, 0.000),
(378, 1, 3, 301, 406, 300.000, 2, 0.000),
(379, 1, 3, 302, 407, 300.000, 0, 0.000),
(380, 1, 3, 303, 408, 300.000, 2, 0.000),
(381, 1, 3, 0, 410, 300.000, 8, 0.281),
(382, 1, 3, 0, 411, 300.000, 5, 0.003),
(383, 1, 3, 0, 412, 300.000, 6, 0.001),
(384, 1, 3, 102, 413, 300.000, 7, 0.064),
(385, 1, 3, 116, 414, 300.000, 7, 0.064),
(386, 1, 3, 0, 415, 300.000, 4, 0.000),
(387, 1, 3, 0, 416, 155.191, 3, 484.739),
(388, 1, 3, 0, 417, 132.282, 3, 18.580),
(389, 1, 3, 0, 418, 208.588, 4, 16.918),
(390, 1, 3, 0, 419, 300.000, 2, 0.001),
(391, 1, 3, 204, 420, 300.000, 5, 0.064),
(392, 1, 3, 201, 421, 300.000, 5, 0.064),
(393, 1, 3, 0, 422, 300.000, 3, 0.002),
(394, 1, 3, 0, 423, 217.497, 2, 0.076),
(395, 1, 3, 0, 424, 300.000, 3, 0.006),
(396, 1, 3, 0, 425, 300.000, 2, 0.001),
(397, 1, 3, 310, 426, 300.000, 1, 0.000),
(398, 1, 3, 301, 427, 300.000, 3, 0.000),
(399, 1, 3, 302, 428, 300.000, 0, 0.000),
(400, 1, 3, 303, 429, 300.000, 3, 0.000);

-- --------------------------------------------------------

--
-- Table structure for table `dimensions`
--

CREATE TABLE IF NOT EXISTS `dimensions` (
  `id` int(10) unsigned NOT NULL AUTO_INCREMENT,
  `run_id` int(10) unsigned NOT NULL DEFAULT '0',
  `min` float(11,3) NOT NULL DEFAULT '0.000',
  `max` float(11,3) NOT NULL DEFAULT '0.000',
  `description` varchar(255) NOT NULL DEFAULT '',
  PRIMARY KEY (`id`)
) ENGINE=InnoDB  DEFAULT CHARSET=utf8 AUTO_INCREMENT=9 ;

--
-- Dumping data for table `dimensions`
--

INSERT INTO `dimensions` (`id`, `run_id`, `min`, `max`, `description`) VALUES
(1, 1, 0.000, 100.000, 'Train speed, km/h'),
(2, 1, 0.000, 150.000, 'Crossing car speed, km/h'),
(3, 1, -20.000, 20.000, 'Railway slope, %'),
(4, 1, -20.000, 20.000, 'Road slope, %'),
(5, 1, -100.000, 1000.000, 'Distance from the train to the rendezvous, m'),
(6, 1, -10.000, 1000.000, 'Distance from the car to the rendezvous, m'),
(7, 1, -50.000, 60.000, 'Air temperature, °C'),
(8, 1, 0.000, 100.000, 'Relative humidity, %');

-- --------------------------------------------------------

--
-- Table structure for table `points`
--

CREATE TABLE IF NOT EXISTS `points` (
  `id` int(10) unsigned NOT NULL AUTO_INCREMENT,
  `run_id` int(10) unsigned NOT NULL DEFAULT '0',
  `type` enum('self','antigen','detector') NOT NULL DEFAULT 'antigen',
  PRIMARY KEY (`id`)
) ENGINE=InnoDB  DEFAULT CHARSET=utf8 AUTO_INCREMENT=430 ;

--
-- Dumping data for table `points`
--

INSERT INTO `points` (`id`, `run_id`, `type`) VALUES
(1, 1, 'self'),
(2, 1, 'self'),
(3, 1, 'self'),
(4, 1, 'self'),
(5, 1, 'self'),
(6, 1, 'self'),
(7, 1, 'self'),
(8, 1, 'self'),
(9, 1, 'self'),
(10, 1, 'antigen'),
(11, 1, 'detector'),
(12, 1, 'detector'),
(13, 1, 'detector'),
(14, 1, 'detector'),
(15, 1, 'detector'),
(16, 1, 'detector'),
(17, 1, 'detector'),
(18, 1, 'detector'),
(19, 1, 'detector'),
(20, 1, 'detector'),
(21, 1, 'detector'),
(22, 1, 'detector'),
(23, 1, 'detector'),
(24, 1, 'detector'),
(25, 1, 'detector'),
(26, 1, 'detector'),
(27, 1, 'detector'),
(28, 1, 'detector'),
(29, 1, 'detector'),
(30, 1, 'detector'),
(31, 1, 'antigen'),
(32, 1, 'detector'),
(33, 1, 'detector'),
(34, 1, 'detector'),
(35, 1, 'detector'),
(36, 1, 'detector'),
(37, 1, 'detector'),
(38, 1, 'detector'),
(39, 1, 'detector'),
(40, 1, 'detector'),
(41, 1, 'detector'),
(42, 1, 'detector'),
(43, 1, 'detector'),
(44, 1, 'detector'),
(45, 1, 'detector'),
(46, 1, 'detector'),
(47, 1, 'detector'),
(48, 1, 'detector'),
(49, 1, 'detector'),
(50, 1, 'detector'),
(51, 1, 'detector'),
(52, 1, 'antigen'),
(53, 1, 'detector'),
(54, 1, 'detector'),
(55, 1, 'detector'),
(56, 1, 'detector'),
(57, 1, 'detector'),
(58, 1, 'detector'),
(59, 1, 'detector'),
(60, 1, 'detector'),
(61, 1, 'detector'),
(62, 1, 'detector'),
(63, 1, 'detector'),
(64, 1, 'detector'),
(65, 1, 'detector'),
(66, 1, 'detector'),
(67, 1, 'detector'),
(68, 1, 'detector'),
(69, 1, 'detector'),
(70, 1, 'detector'),
(71, 1, 'detector'),
(72, 1, 'detector'),
(73, 1, 'antigen'),
(74, 1, 'detector'),
(75, 1, 'detector'),
(76, 1, 'detector'),
(77, 1, 'detector'),
(78, 1, 'detector'),
(79, 1, 'detector'),
(80, 1, 'detector'),
(81, 1, 'detector'),
(82, 1, 'detector'),
(83, 1, 'detector'),
(84, 1, 'detector'),
(85, 1, 'detector'),
(86, 1, 'detector'),
(87, 1, 'detector'),
(88, 1, 'detector'),
(89, 1, 'detector'),
(90, 1, 'detector'),
(91, 1, 'detector'),
(92, 1, 'detector'),
(93, 1, 'detector'),
(94, 1, 'antigen'),
(95, 1, 'detector'),
(96, 1, 'detector'),
(97, 1, 'detector'),
(98, 1, 'detector'),
(99, 1, 'detector'),
(100, 1, 'detector'),
(101, 1, 'detector'),
(102, 1, 'detector'),
(103, 1, 'detector'),
(104, 1, 'detector'),
(105, 1, 'detector'),
(106, 1, 'detector'),
(107, 1, 'detector'),
(108, 1, 'detector'),
(109, 1, 'detector'),
(110, 1, 'detector'),
(111, 1, 'detector'),
(112, 1, 'detector'),
(113, 1, 'detector'),
(114, 1, 'detector'),
(115, 1, 'antigen'),
(116, 1, 'detector'),
(117, 1, 'detector'),
(118, 1, 'detector'),
(119, 1, 'detector'),
(120, 1, 'detector'),
(121, 1, 'detector'),
(122, 1, 'detector'),
(123, 1, 'detector'),
(124, 1, 'detector'),
(125, 1, 'detector'),
(126, 1, 'detector'),
(127, 1, 'detector'),
(128, 1, 'detector'),
(129, 1, 'detector'),
(130, 1, 'detector'),
(131, 1, 'detector'),
(132, 1, 'detector'),
(133, 1, 'detector'),
(134, 1, 'detector'),
(135, 1, 'detector'),
(136, 1, 'antigen'),
(137, 1, 'detector'),
(138, 1, 'detector'),
(139, 1, 'detector'),
(140, 1, 'detector'),
(141, 1, 'detector'),
(142, 1, 'detector'),
(143, 1, 'detector'),
(144, 1, 'detector'),
(145, 1, 'detector'),
(146, 1, 'detector'),
(147, 1, 'detector'),
(148, 1, 'detector'),
(149, 1, 'detector'),
(150, 1, 'detector'),
(151, 1, 'detector'),
(152, 1, 'detector'),
(153, 1, 'detector'),
(154, 1, 'detector'),
(155, 1, 'detector'),
(156, 1, 'detector'),
(157, 1, 'antigen'),
(158, 1, 'detector'),
(159, 1, 'detector'),
(160, 1, 'detector'),
(161, 1, 'detector'),
(162, 1, 'detector'),
(163, 1, 'detector'),
(164, 1, 'detector'),
(165, 1, 'detector'),
(166, 1, 'detector'),
(167, 1, 'detector'),
(168, 1, 'detector'),
(169, 1, 'detector'),
(170, 1, 'detector'),
(171, 1, 'detector'),
(172, 1, 'detector'),
(173, 1, 'detector'),
(174, 1, 'detector'),
(175, 1, 'detector'),
(176, 1, 'detector'),
(177, 1, 'detector'),
(178, 1, 'antigen'),
(179, 1, 'detector'),
(180, 1, 'detector'),
(181, 1, 'detector'),
(182, 1, 'detector'),
(183, 1, 'detector'),
(184, 1, 'detector'),
(185, 1, 'detector'),
(186, 1, 'detector'),
(187, 1, 'detector'),
(188, 1, 'detector'),
(189, 1, 'detector'),
(190, 1, 'detector'),
(191, 1, 'detector'),
(192, 1, 'detector'),
(193, 1, 'detector'),
(194, 1, 'detector'),
(195, 1, 'detector'),
(196, 1, 'detector'),
(197, 1, 'detector'),
(198, 1, 'detector'),
(199, 1, 'antigen'),
(200, 1, 'detector'),
(201, 1, 'detector'),
(202, 1, 'detector'),
(203, 1, 'detector'),
(204, 1, 'detector'),
(205, 1, 'detector'),
(206, 1, 'detector'),
(207, 1, 'detector'),
(208, 1, 'detector'),
(209, 1, 'detector'),
(210, 1, 'detector'),
(211, 1, 'detector'),
(212, 1, 'detector'),
(213, 1, 'detector'),
(214, 1, 'detector'),
(215, 1, 'detector'),
(216, 1, 'detector'),
(217, 1, 'detector'),
(218, 1, 'detector'),
(219, 1, 'detector'),
(220, 1, 'antigen'),
(221, 1, 'detector'),
(222, 1, 'detector'),
(223, 1, 'detector'),
(224, 1, 'detector'),
(225, 1, 'detector'),
(226, 1, 'detector'),
(227, 1, 'detector'),
(228, 1, 'detector'),
(229, 1, 'detector'),
(230, 1, 'detector'),
(231, 1, 'detector'),
(232, 1, 'detector'),
(233, 1, 'detector'),
(234, 1, 'detector'),
(235, 1, 'detector'),
(236, 1, 'detector'),
(237, 1, 'detector'),
(238, 1, 'detector'),
(239, 1, 'detector'),
(240, 1, 'detector'),
(241, 1, 'antigen'),
(242, 1, 'detector'),
(243, 1, 'detector'),
(244, 1, 'detector'),
(245, 1, 'detector'),
(246, 1, 'detector'),
(247, 1, 'detector'),
(248, 1, 'detector'),
(249, 1, 'detector'),
(250, 1, 'detector'),
(251, 1, 'detector'),
(252, 1, 'detector'),
(253, 1, 'detector'),
(254, 1, 'detector'),
(255, 1, 'detector'),
(256, 1, 'detector'),
(257, 1, 'detector'),
(258, 1, 'detector'),
(259, 1, 'detector'),
(260, 1, 'detector'),
(261, 1, 'detector'),
(262, 1, 'antigen'),
(263, 1, 'detector'),
(264, 1, 'detector'),
(265, 1, 'detector'),
(266, 1, 'detector'),
(267, 1, 'detector'),
(268, 1, 'detector'),
(269, 1, 'detector'),
(270, 1, 'detector'),
(271, 1, 'detector'),
(272, 1, 'detector'),
(273, 1, 'detector'),
(274, 1, 'detector'),
(275, 1, 'detector'),
(276, 1, 'detector'),
(277, 1, 'detector'),
(278, 1, 'detector'),
(279, 1, 'detector'),
(280, 1, 'detector'),
(281, 1, 'detector'),
(282, 1, 'detector'),
(283, 1, 'antigen'),
(284, 1, 'detector'),
(285, 1, 'detector'),
(286, 1, 'detector'),
(287, 1, 'detector'),
(288, 1, 'detector'),
(289, 1, 'detector'),
(290, 1, 'detector'),
(291, 1, 'detector'),
(292, 1, 'detector'),
(293, 1, 'detector'),
(294, 1, 'detector'),
(295, 1, 'detector'),
(296, 1, 'detector'),
(297, 1, 'detector'),
(298, 1, 'detector'),
(299, 1, 'detector'),
(300, 1, 'detector'),
(301, 1, 'detector'),
(302, 1, 'detector'),
(303, 1, 'detector'),
(304, 1, 'antigen'),
(305, 1, 'detector'),
(306, 1, 'detector'),
(307, 1, 'detector'),
(308, 1, 'detector'),
(309, 1, 'detector'),
(310, 1, 'detector'),
(311, 1, 'detector'),
(312, 1, 'detector'),
(313, 1, 'detector'),
(314, 1, 'detector'),
(315, 1, 'detector'),
(316, 1, 'detector'),
(317, 1, 'detector'),
(318, 1, 'detector'),
(319, 1, 'detector'),
(320, 1, 'detector'),
(321, 1, 'detector'),
(322, 1, 'detector'),
(323, 1, 'detector'),
(324, 1, 'detector'),
(325, 1, 'antigen'),
(326, 1, 'detector'),
(327, 1, 'detector'),
(328, 1, 'detector'),
(329, 1, 'detector'),
(330, 1, 'detector'),
(331, 1, 'detector'),
(332, 1, 'detector'),
(333, 1, 'detector'),
(334, 1, 'detector'),
(335, 1, 'detector'),
(336, 1, 'detector'),
(337, 1, 'detector'),
(338, 1, 'detector'),
(339, 1, 'detector'),
(340, 1, 'detector'),
(341, 1, 'detector'),
(342, 1, 'detector'),
(343, 1, 'detector'),
(344, 1, 'detector'),
(345, 1, 'detector'),
(346, 1, 'antigen'),
(347, 1, 'detector'),
(348, 1, 'detector'),
(349, 1, 'detector'),
(350, 1, 'detector'),
(351, 1, 'detector'),
(352, 1, 'detector'),
(353, 1, 'detector'),
(354, 1, 'detector'),
(355, 1, 'detector'),
(356, 1, 'detector'),
(357, 1, 'detector'),
(358, 1, 'detector'),
(359, 1, 'detector'),
(360, 1, 'detector'),
(361, 1, 'detector'),
(362, 1, 'detector'),
(363, 1, 'detector'),
(364, 1, 'detector'),
(365, 1, 'detector'),
(366, 1, 'detector'),
(367, 1, 'antigen'),
(368, 1, 'detector'),
(369, 1, 'detector'),
(370, 1, 'detector'),
(371, 1, 'detector'),
(372, 1, 'detector'),
(373, 1, 'detector'),
(374, 1, 'detector'),
(375, 1, 'detector'),
(376, 1, 'detector'),
(377, 1, 'detector'),
(378, 1, 'detector'),
(379, 1, 'detector'),
(380, 1, 'detector'),
(381, 1, 'detector'),
(382, 1, 'detector'),
(383, 1, 'detector'),
(384, 1, 'detector'),
(385, 1, 'detector'),
(386, 1, 'detector'),
(387, 1, 'detector'),
(388, 1, 'antigen'),
(389, 1, 'detector'),
(390, 1, 'detector'),
(391, 1, 'detector'),
(392, 1, 'detector'),
(393, 1, 'detector'),
(394, 1, 'detector'),
(395, 1, 'detector'),
(396, 1, 'detector'),
(397, 1, 'detector'),
(398, 1, 'detector'),
(399, 1, 'detector'),
(400, 1, 'detector'),
(401, 1, 'detector'),
(402, 1, 'detector'),
(403, 1, 'detector'),
(404, 1, 'detector'),
(405, 1, 'detector'),
(406, 1, 'detector'),
(407, 1, 'detector'),
(408, 1, 'detector'),
(409, 1, 'antigen'),
(410, 1, 'detector'),
(411, 1, 'detector'),
(412, 1, 'detector'),
(413, 1, 'detector'),
(414, 1, 'detector'),
(415, 1, 'detector'),
(416, 1, 'detector'),
(417, 1, 'detector'),
(418, 1, 'detector'),
(419, 1, 'detector'),
(420, 1, 'detector'),
(421, 1, 'detector'),
(422, 1, 'detector'),
(423, 1, 'detector'),
(424, 1, 'detector'),
(425, 1, 'detector'),
(426, 1, 'detector'),
(427, 1, 'detector'),
(428, 1, 'detector'),
(429, 1, 'detector');

-- --------------------------------------------------------

--
-- Table structure for table `point_dimensions`
--

CREATE TABLE IF NOT EXISTS `point_dimensions` (
  `point_id` int(10) unsigned NOT NULL DEFAULT '0',
  `dimension_id` int(10) unsigned NOT NULL DEFAULT '0',
  `value` float(11,3) NOT NULL DEFAULT '0.000'
) ENGINE=InnoDB DEFAULT CHARSET=latin1;

--
-- Dumping data for table `point_dimensions`
--

INSERT INTO `point_dimensions` (`point_id`, `dimension_id`, `value`) VALUES
(1, 1, 0.000),
(1, 2, 5.000),
(1, 3, 0.000),
(1, 4, 0.000),
(1, 5, 1000.000),
(1, 6, 0.000),
(1, 7, 20.000),
(1, 8, 50.000),
(2, 1, 50.000),
(2, 2, 30.000),
(2, 3, 0.000),
(2, 4, 0.000),
(2, 5, 900.000),
(2, 6, 100.000),
(2, 7, 20.000),
(2, 8, 50.000),
(3, 1, 20.000),
(3, 2, 30.000),
(3, 3, 0.000),
(3, 4, 0.000),
(3, 5, 600.000),
(3, 6, 100.000),
(3, 7, 20.000),
(3, 8, 50.000),
(4, 1, 0.000),
(4, 2, 5.000),
(4, 3, 5.000),
(4, 4, 0.000),
(4, 5, 1000.000),
(4, 6, 0.000),
(4, 7, 20.000),
(4, 8, 50.000),
(5, 1, 40.000),
(5, 2, 25.000),
(5, 3, 5.000),
(5, 4, 0.000),
(5, 5, 900.000),
(5, 6, 100.000),
(5, 7, 20.000),
(5, 8, 50.000),
(6, 1, 20.000),
(6, 2, 30.000),
(6, 3, 5.000),
(6, 4, 0.000),
(6, 5, 600.000),
(6, 6, 100.000),
(6, 7, 20.000),
(6, 8, 50.000),
(7, 1, 0.000),
(7, 2, 5.000),
(7, 3, -5.000),
(7, 4, 0.000),
(7, 5, 1000.000),
(7, 6, 0.000),
(7, 7, 20.000),
(7, 8, 50.000),
(8, 1, 60.000),
(8, 2, 35.000),
(8, 3, -5.000),
(8, 4, 0.000),
(8, 5, 900.000),
(8, 6, 100.000),
(8, 7, 20.000),
(8, 8, 50.000),
(9, 1, 20.000),
(9, 2, 30.000),
(9, 3, -5.000),
(9, 4, 0.000),
(9, 5, 600.000),
(9, 6, 100.000),
(9, 7, 20.000),
(9, 8, 50.000),
(10, 1, 62.620),
(10, 2, 118.640),
(10, 3, -11.080),
(10, 4, 8.200),
(10, 5, 804.410),
(10, 6, 174.510),
(10, 7, 29.210),
(10, 8, 21.390),
(11, 1, 22.170),
(11, 2, 103.300),
(11, 3, 1.400),
(11, 4, 18.440),
(11, 5, 700.000),
(11, 6, 700.000),
(11, 7, 31.210),
(11, 8, 93.630),
(12, 1, 38.900),
(12, 2, 122.400),
(12, 3, 5.360),
(12, 4, -8.540),
(12, 5, 554.190),
(12, 6, 482.270),
(12, 7, 2.590),
(12, 8, 99.820),
(13, 1, 57.740),
(13, 2, 91.880),
(13, 3, -15.300),
(13, 4, 3.490),
(13, 5, 200.000),
(13, 6, 290.000),
(13, 7, 13.970),
(13, 8, 32.680),
(14, 1, 30.910),
(14, 2, 72.830),
(14, 3, 11.760),
(14, 4, 11.790),
(14, 5, 844.809),
(14, 6, 244.520),
(14, 7, 20.480),
(14, 8, 77.120),
(15, 1, 75.732),
(15, 2, 61.506),
(15, 3, 17.523),
(15, 4, 7.704),
(15, 5, 200.000),
(15, 6, 356.408),
(15, 7, 28.851),
(15, 8, 7.473),
(16, 1, 23.020),
(16, 2, 8.670),
(16, 3, -1.960),
(16, 4, -5.990),
(16, 5, 200.000),
(16, 6, 700.000),
(16, 7, 28.680),
(16, 8, 57.530),
(17, 1, 65.790),
(17, 2, 53.400),
(17, 3, -17.530),
(17, 4, 3.942),
(17, 5, 200.000),
(17, 6, 442.266),
(17, 7, -0.667),
(17, 8, 19.957),
(18, 1, 26.038),
(18, 2, 102.632),
(18, 3, -7.860),
(18, 4, 10.263),
(18, 5, 200.000),
(18, 6, 624.347),
(18, 7, 8.449),
(18, 8, 22.706),
(19, 1, 32.579),
(19, 2, 109.997),
(19, 3, 11.194),
(19, 4, 3.420),
(19, 5, 412.884),
(19, 6, 207.329),
(19, 7, -38.377),
(19, 8, 91.470),
(20, 1, 53.809),
(20, 2, 136.637),
(20, 3, -19.897),
(20, 4, -13.663),
(20, 5, 307.980),
(20, 6, 700.105),
(20, 7, 29.169),
(20, 8, 9.552),
(21, 1, 28.779),
(21, 2, 54.132),
(21, 3, -12.139),
(21, 4, 13.212),
(21, 5, 553.352),
(21, 6, 700.177),
(21, 7, -48.687),
(21, 8, 27.821),
(22, 1, 79.047),
(22, 2, 70.455),
(22, 3, -8.008),
(22, 4, -5.526),
(22, 5, 200.000),
(22, 6, 289.666),
(22, 7, -8.437),
(22, 8, 63.973),
(23, 1, 60.393),
(23, 2, 92.383),
(23, 3, -16.477),
(23, 4, -0.015),
(23, 5, 199.918),
(23, 6, 700.152),
(23, 7, 34.310),
(23, 8, 68.050),
(24, 1, 35.413),
(24, 2, 44.372),
(24, 3, -0.405),
(24, 4, 6.009),
(24, 5, 700.000),
(24, 6, 700.000),
(24, 7, -18.525),
(24, 8, 86.813),
(25, 1, 67.380),
(25, 2, 34.210),
(25, 3, 1.750),
(25, 4, 5.180),
(25, 5, 791.412),
(25, 6, 292.900),
(25, 7, -41.270),
(25, 8, 0.110),
(26, 1, 14.228),
(26, 2, 57.713),
(26, 3, 14.349),
(26, 4, 3.861),
(26, 5, 699.741),
(26, 6, 364.290),
(26, 7, -12.966),
(26, 8, 39.884),
(27, 1, 69.431),
(27, 2, 123.157),
(27, 3, -15.341),
(27, 4, -9.886),
(27, 5, 838.131),
(27, 6, 121.502),
(27, 7, 24.412),
(27, 8, 74.067),
(28, 1, 81.017),
(28, 2, 134.574),
(28, 3, 6.613),
(28, 4, 18.269),
(28, 5, 700.059),
(28, 6, 669.456),
(28, 7, 51.478),
(28, 8, 69.156),
(29, 1, 83.562),
(29, 2, 98.844),
(29, 3, 15.216),
(29, 4, -4.684),
(29, 5, 700.150),
(29, 6, 700.050),
(29, 7, 56.741),
(29, 8, 39.782),
(30, 1, 26.486),
(30, 2, 4.291),
(30, 3, -17.275),
(30, 4, 18.651),
(30, 5, 699.999),
(30, 6, 700.103),
(30, 7, 46.399),
(30, 8, 41.464),
(31, 1, 14.280),
(31, 2, 55.470),
(31, 3, -17.780),
(31, 4, 14.300),
(31, 5, 243.940),
(31, 6, 58.070),
(31, 7, 25.350),
(31, 8, 3.290),
(32, 1, 22.170),
(32, 2, 103.300),
(32, 3, 1.400),
(32, 4, 18.440),
(32, 5, 700.000),
(32, 6, 700.000),
(32, 7, 31.210),
(32, 8, 93.630),
(33, 1, 38.900),
(33, 2, 122.400),
(33, 3, 5.360),
(33, 4, -8.540),
(33, 5, 554.190),
(33, 6, 482.270),
(33, 7, 2.590),
(33, 8, 99.820),
(34, 1, 57.740),
(34, 2, 91.880),
(34, 3, -15.300),
(34, 4, 3.490),
(34, 5, 200.000),
(34, 6, 290.000),
(34, 7, 13.970),
(34, 8, 32.680),
(35, 1, 30.910),
(35, 2, 72.830),
(35, 3, 11.760),
(35, 4, 11.790),
(35, 5, 844.809),
(35, 6, 244.520),
(35, 7, 20.480),
(35, 8, 77.120),
(36, 1, 75.732),
(36, 2, 61.506),
(36, 3, 17.523),
(36, 4, 7.704),
(36, 5, 200.000),
(36, 6, 356.408),
(36, 7, 28.851),
(36, 8, 7.473),
(37, 1, 23.020),
(37, 2, 8.670),
(37, 3, -1.960),
(37, 4, -5.990),
(37, 5, 200.000),
(37, 6, 700.000),
(37, 7, 28.680),
(37, 8, 57.530),
(38, 1, 65.790),
(38, 2, 53.400),
(38, 3, -17.530),
(38, 4, 3.942),
(38, 5, 200.000),
(38, 6, 442.266),
(38, 7, -0.667),
(38, 8, 19.957),
(39, 1, 26.038),
(39, 2, 102.632),
(39, 3, -7.860),
(39, 4, 10.263),
(39, 5, 200.000),
(39, 6, 624.347),
(39, 7, 8.449),
(39, 8, 22.706),
(40, 1, 32.579),
(40, 2, 109.997),
(40, 3, 11.194),
(40, 4, 3.420),
(40, 5, 412.884),
(40, 6, 207.329),
(40, 7, -38.377),
(40, 8, 91.470),
(41, 1, 53.809),
(41, 2, 136.637),
(41, 3, -19.897),
(41, 4, -13.663),
(41, 5, 307.980),
(41, 6, 700.105),
(41, 7, 29.169),
(41, 8, 9.552),
(42, 1, 28.779),
(42, 2, 54.132),
(42, 3, -12.139),
(42, 4, 13.212),
(42, 5, 553.352),
(42, 6, 700.177),
(42, 7, -48.687),
(42, 8, 27.821),
(43, 1, 79.047),
(43, 2, 70.455),
(43, 3, -8.008),
(43, 4, -5.526),
(43, 5, 200.000),
(43, 6, 289.666),
(43, 7, -8.437),
(43, 8, 63.973),
(44, 1, 60.393),
(44, 2, 92.383),
(44, 3, -16.477),
(44, 4, -0.015),
(44, 5, 199.918),
(44, 6, 700.152),
(44, 7, 34.310),
(44, 8, 68.050),
(45, 1, 35.413),
(45, 2, 44.372),
(45, 3, -0.405),
(45, 4, 6.009),
(45, 5, 700.000),
(45, 6, 700.000),
(45, 7, -18.525),
(45, 8, 86.813),
(46, 1, 67.380),
(46, 2, 34.210),
(46, 3, 1.750),
(46, 4, 5.180),
(46, 5, 791.412),
(46, 6, 292.900),
(46, 7, -41.270),
(46, 8, 0.110),
(47, 1, 14.228),
(47, 2, 57.713),
(47, 3, 14.349),
(47, 4, 3.861),
(47, 5, 699.741),
(47, 6, 364.290),
(47, 7, -12.966),
(47, 8, 39.884),
(48, 1, 69.431),
(48, 2, 123.157),
(48, 3, -15.341),
(48, 4, -9.886),
(48, 5, 838.131),
(48, 6, 121.502),
(48, 7, 24.412),
(48, 8, 74.067),
(49, 1, 81.017),
(49, 2, 134.574),
(49, 3, 6.613),
(49, 4, 18.269),
(49, 5, 700.059),
(49, 6, 669.456),
(49, 7, 51.478),
(49, 8, 69.156),
(50, 1, 83.562),
(50, 2, 98.844),
(50, 3, 15.216),
(50, 4, -4.684),
(50, 5, 700.150),
(50, 6, 700.050),
(50, 7, 56.741),
(50, 8, 39.782),
(51, 1, 26.486),
(51, 2, 4.291),
(51, 3, -17.275),
(51, 4, 18.651),
(51, 5, 699.999),
(51, 6, 700.103),
(51, 7, 46.399),
(51, 8, 41.464),
(52, 1, 86.720),
(52, 2, 142.560),
(52, 3, 15.240),
(52, 4, -10.930),
(52, 5, 472.910),
(52, 6, 345.040),
(52, 7, -12.640),
(52, 8, 63.810),
(53, 1, 22.170),
(53, 2, 103.300),
(53, 3, 1.400),
(53, 4, 18.440),
(53, 5, 700.000),
(53, 6, 700.000),
(53, 7, 31.210),
(53, 8, 93.630),
(54, 1, 38.900),
(54, 2, 122.400),
(54, 3, 5.360),
(54, 4, -8.540),
(54, 5, 554.190),
(54, 6, 482.270),
(54, 7, 2.590),
(54, 8, 99.820),
(55, 1, 57.740),
(55, 2, 91.880),
(55, 3, -15.300),
(55, 4, 3.490),
(55, 5, 200.000),
(55, 6, 290.000),
(55, 7, 13.970),
(55, 8, 32.680),
(56, 1, 30.910),
(56, 2, 72.830),
(56, 3, 11.760),
(56, 4, 11.790),
(56, 5, 844.809),
(56, 6, 244.520),
(56, 7, 20.480),
(56, 8, 77.120),
(57, 1, 75.732),
(57, 2, 61.506),
(57, 3, 17.523),
(57, 4, 7.704),
(57, 5, 200.000),
(57, 6, 356.408),
(57, 7, 28.851),
(57, 8, 7.473),
(58, 1, 23.020),
(58, 2, 8.670),
(58, 3, -1.960),
(58, 4, -5.990),
(58, 5, 200.000),
(58, 6, 700.000),
(58, 7, 28.680),
(58, 8, 57.530),
(59, 1, 65.790),
(59, 2, 53.400),
(59, 3, -17.530),
(59, 4, 3.942),
(59, 5, 200.000),
(59, 6, 442.266),
(59, 7, -0.667),
(59, 8, 19.957),
(60, 1, 26.038),
(60, 2, 102.632),
(60, 3, -7.860),
(60, 4, 10.263),
(60, 5, 200.000),
(60, 6, 624.347),
(60, 7, 8.449),
(60, 8, 22.706),
(61, 1, 32.579),
(61, 2, 109.997),
(61, 3, 11.194),
(61, 4, 3.420),
(61, 5, 412.884),
(61, 6, 207.329),
(61, 7, -38.377),
(61, 8, 91.470),
(62, 1, 53.809),
(62, 2, 136.637),
(62, 3, -19.897),
(62, 4, -13.663),
(62, 5, 307.980),
(62, 6, 700.105),
(62, 7, 29.169),
(62, 8, 9.552),
(63, 1, 28.779),
(63, 2, 54.132),
(63, 3, -12.139),
(63, 4, 13.212),
(63, 5, 553.352),
(63, 6, 700.177),
(63, 7, -48.687),
(63, 8, 27.821),
(64, 1, 79.047),
(64, 2, 70.455),
(64, 3, -8.008),
(64, 4, -5.526),
(64, 5, 200.000),
(64, 6, 289.666),
(64, 7, -8.437),
(64, 8, 63.973),
(65, 1, 60.393),
(65, 2, 92.383),
(65, 3, -16.477),
(65, 4, -0.015),
(65, 5, 199.918),
(65, 6, 700.152),
(65, 7, 34.310),
(65, 8, 68.050),
(66, 1, 35.413),
(66, 2, 44.372),
(66, 3, -0.405),
(66, 4, 6.009),
(66, 5, 700.000),
(66, 6, 700.000),
(66, 7, -18.525),
(66, 8, 86.813),
(67, 1, 67.380),
(67, 2, 34.210),
(67, 3, 1.750),
(67, 4, 5.180),
(67, 5, 791.412),
(67, 6, 292.900),
(67, 7, -41.270),
(67, 8, 0.110),
(68, 1, 14.228),
(68, 2, 57.713),
(68, 3, 14.349),
(68, 4, 3.861),
(68, 5, 699.741),
(68, 6, 364.290),
(68, 7, -12.966),
(68, 8, 39.884),
(69, 1, 69.431),
(69, 2, 123.157),
(69, 3, -15.341),
(69, 4, -9.886),
(69, 5, 838.131),
(69, 6, 121.502),
(69, 7, 24.412),
(69, 8, 74.067),
(70, 1, 81.017),
(70, 2, 134.574),
(70, 3, 6.613),
(70, 4, 18.269),
(70, 5, 700.059),
(70, 6, 669.456),
(70, 7, 51.478),
(70, 8, 69.156),
(71, 1, 83.562),
(71, 2, 98.844),
(71, 3, 15.216),
(71, 4, -4.684),
(71, 5, 700.150),
(71, 6, 700.050),
(71, 7, 56.741),
(71, 8, 39.782),
(72, 1, 26.486),
(72, 2, 4.291),
(72, 3, -17.275),
(72, 4, 18.651),
(72, 5, 699.999),
(72, 6, 700.103),
(72, 7, 46.399),
(72, 8, 41.464),
(73, 1, 67.370),
(73, 2, 142.810),
(73, 3, -9.400),
(73, 4, -18.260),
(73, 5, 979.660),
(73, 6, 208.470),
(73, 7, -30.830),
(73, 8, 96.760),
(74, 1, 22.170),
(74, 2, 103.300),
(74, 3, 1.400),
(74, 4, 18.440),
(74, 5, 700.000),
(74, 6, 700.000),
(74, 7, 31.210),
(74, 8, 93.630),
(75, 1, 38.900),
(75, 2, 122.400),
(75, 3, 5.360),
(75, 4, -8.540),
(75, 5, 554.190),
(75, 6, 482.270),
(75, 7, 2.590),
(75, 8, 99.820),
(76, 1, 57.740),
(76, 2, 91.880),
(76, 3, -15.300),
(76, 4, 3.490),
(76, 5, 200.000),
(76, 6, 290.000),
(76, 7, 13.970),
(76, 8, 32.680),
(77, 1, 30.910),
(77, 2, 72.830),
(77, 3, 11.760),
(77, 4, 11.790),
(77, 5, 844.809),
(77, 6, 244.520),
(77, 7, 20.480),
(77, 8, 77.120),
(78, 1, 75.732),
(78, 2, 61.506),
(78, 3, 17.523),
(78, 4, 7.704),
(78, 5, 200.000),
(78, 6, 356.408),
(78, 7, 28.851),
(78, 8, 7.473),
(79, 1, 23.020),
(79, 2, 8.670),
(79, 3, -1.960),
(79, 4, -5.990),
(79, 5, 200.000),
(79, 6, 700.000),
(79, 7, 28.680),
(79, 8, 57.530),
(80, 1, 65.790),
(80, 2, 53.400),
(80, 3, -17.530),
(80, 4, 3.942),
(80, 5, 200.000),
(80, 6, 442.266),
(80, 7, -0.667),
(80, 8, 19.957),
(81, 1, 26.038),
(81, 2, 102.632),
(81, 3, -7.860),
(81, 4, 10.263),
(81, 5, 200.000),
(81, 6, 624.347),
(81, 7, 8.449),
(81, 8, 22.706),
(82, 1, 32.579),
(82, 2, 109.997),
(82, 3, 11.194),
(82, 4, 3.420),
(82, 5, 412.884),
(82, 6, 207.329),
(82, 7, -38.377),
(82, 8, 91.470),
(83, 1, 53.809),
(83, 2, 136.637),
(83, 3, -19.897),
(83, 4, -13.663),
(83, 5, 307.980),
(83, 6, 700.105),
(83, 7, 29.169),
(83, 8, 9.552),
(84, 1, 28.779),
(84, 2, 54.132),
(84, 3, -12.139),
(84, 4, 13.212),
(84, 5, 553.352),
(84, 6, 700.177),
(84, 7, -48.687),
(84, 8, 27.821),
(85, 1, 79.047),
(85, 2, 70.455),
(85, 3, -8.008),
(85, 4, -5.526),
(85, 5, 200.000),
(85, 6, 289.666),
(85, 7, -8.437),
(85, 8, 63.973),
(86, 1, 60.393),
(86, 2, 92.383),
(86, 3, -16.477),
(86, 4, -0.015),
(86, 5, 199.918),
(86, 6, 700.152),
(86, 7, 34.310),
(86, 8, 68.050),
(87, 1, 35.413),
(87, 2, 44.372),
(87, 3, -0.405),
(87, 4, 6.009),
(87, 5, 700.000),
(87, 6, 700.000),
(87, 7, -18.525),
(87, 8, 86.813),
(88, 1, 67.380),
(88, 2, 34.210),
(88, 3, 1.750),
(88, 4, 5.180),
(88, 5, 791.412),
(88, 6, 292.900),
(88, 7, -41.270),
(88, 8, 0.110),
(89, 1, 14.228),
(89, 2, 57.713),
(89, 3, 14.349),
(89, 4, 3.861),
(89, 5, 699.741),
(89, 6, 364.290),
(89, 7, -12.966),
(89, 8, 39.884),
(90, 1, 69.431),
(90, 2, 123.157),
(90, 3, -15.341),
(90, 4, -9.886),
(90, 5, 838.131),
(90, 6, 121.502),
(90, 7, 24.412),
(90, 8, 74.067),
(91, 1, 81.017),
(91, 2, 134.574),
(91, 3, 6.613),
(91, 4, 18.269),
(91, 5, 700.059),
(91, 6, 669.456),
(91, 7, 51.478),
(91, 8, 69.156),
(92, 1, 83.562),
(92, 2, 98.844),
(92, 3, 15.216),
(92, 4, -4.684),
(92, 5, 700.150),
(92, 6, 700.050),
(92, 7, 56.741),
(92, 8, 39.782),
(93, 1, 26.486),
(93, 2, 4.291),
(93, 3, -17.275),
(93, 4, 18.651),
(93, 5, 699.999),
(93, 6, 700.103),
(93, 7, 46.399),
(93, 8, 41.464),
(94, 1, 57.580),
(94, 2, 147.510),
(94, 3, -9.050),
(94, 4, -11.540),
(94, 5, 518.960),
(94, 6, 432.870),
(94, 7, -23.510),
(94, 8, 30.050),
(95, 1, 22.170),
(95, 2, 103.300),
(95, 3, 1.400),
(95, 4, 18.440),
(95, 5, 700.000),
(95, 6, 700.000),
(95, 7, 31.210),
(95, 8, 93.630),
(96, 1, 38.900),
(96, 2, 122.400),
(96, 3, 5.360),
(96, 4, -8.540),
(96, 5, 554.190),
(96, 6, 482.270),
(96, 7, 2.590),
(96, 8, 99.820),
(97, 1, 57.740),
(97, 2, 91.880),
(97, 3, -15.300),
(97, 4, 3.490),
(97, 5, 200.000),
(97, 6, 290.000),
(97, 7, 13.970),
(97, 8, 32.680),
(98, 1, 30.910),
(98, 2, 72.830),
(98, 3, 11.760),
(98, 4, 11.790),
(98, 5, 844.809),
(98, 6, 244.520),
(98, 7, 20.480),
(98, 8, 77.120),
(99, 1, 75.732),
(99, 2, 61.506),
(99, 3, 17.523),
(99, 4, 7.704),
(99, 5, 200.000),
(99, 6, 356.408),
(99, 7, 28.851),
(99, 8, 7.473),
(100, 1, 23.020),
(100, 2, 8.670),
(100, 3, -1.960),
(100, 4, -5.990),
(100, 5, 200.000),
(100, 6, 700.000),
(100, 7, 28.680),
(100, 8, 57.530),
(101, 1, 65.790),
(101, 2, 53.400),
(101, 3, -17.530),
(101, 4, 3.942),
(101, 5, 200.000),
(101, 6, 442.266),
(101, 7, -0.667),
(101, 8, 19.957),
(102, 1, 26.038),
(102, 2, 102.632),
(102, 3, -7.860),
(102, 4, 10.263),
(102, 5, 200.000),
(102, 6, 624.347),
(102, 7, 8.449),
(102, 8, 22.706),
(103, 1, 32.579),
(103, 2, 109.997),
(103, 3, 11.194),
(103, 4, 3.420),
(103, 5, 412.884),
(103, 6, 207.329),
(103, 7, -38.377),
(103, 8, 91.470),
(104, 1, 53.809),
(104, 2, 136.637),
(104, 3, -19.897),
(104, 4, -13.663),
(104, 5, 307.980),
(104, 6, 700.105),
(104, 7, 29.169),
(104, 8, 9.552),
(105, 1, 28.779),
(105, 2, 54.132),
(105, 3, -12.139),
(105, 4, 13.212),
(105, 5, 553.352),
(105, 6, 700.177),
(105, 7, -48.687),
(105, 8, 27.821),
(106, 1, 79.047),
(106, 2, 70.455),
(106, 3, -8.008),
(106, 4, -5.526),
(106, 5, 200.000),
(106, 6, 289.666),
(106, 7, -8.437),
(106, 8, 63.973),
(107, 1, 60.393),
(107, 2, 92.383),
(107, 3, -16.477),
(107, 4, -0.015),
(107, 5, 199.918),
(107, 6, 700.152),
(107, 7, 34.310),
(107, 8, 68.050),
(108, 1, 35.413),
(108, 2, 44.372),
(108, 3, -0.405),
(108, 4, 6.009),
(108, 5, 700.000),
(108, 6, 700.000),
(108, 7, -18.525),
(108, 8, 86.813),
(109, 1, 67.380),
(109, 2, 34.210),
(109, 3, 1.750),
(109, 4, 5.180),
(109, 5, 791.412),
(109, 6, 292.900),
(109, 7, -41.270),
(109, 8, 0.110),
(110, 1, 14.228),
(110, 2, 57.713),
(110, 3, 14.349),
(110, 4, 3.861),
(110, 5, 699.741),
(110, 6, 364.290),
(110, 7, -12.966),
(110, 8, 39.884),
(111, 1, 69.431),
(111, 2, 123.157),
(111, 3, -15.341),
(111, 4, -9.886),
(111, 5, 838.131),
(111, 6, 121.502),
(111, 7, 24.412),
(111, 8, 74.067),
(112, 1, 81.017),
(112, 2, 134.574),
(112, 3, 6.613),
(112, 4, 18.269),
(112, 5, 700.059),
(112, 6, 669.456),
(112, 7, 51.478),
(112, 8, 69.156),
(113, 1, 83.562),
(113, 2, 98.844),
(113, 3, 15.216),
(113, 4, -4.684),
(113, 5, 700.150),
(113, 6, 700.050),
(113, 7, 56.741),
(113, 8, 39.782),
(114, 1, 26.486),
(114, 2, 4.291),
(114, 3, -17.275),
(114, 4, 18.651),
(114, 5, 699.999),
(114, 6, 700.103),
(114, 7, 46.399),
(114, 8, 41.464),
(115, 1, 82.270),
(115, 2, 77.580),
(115, 3, -3.440),
(115, 4, -19.090),
(115, 5, 241.750),
(115, 6, 986.300),
(115, 7, 46.330),
(115, 8, 88.530),
(116, 1, 22.170),
(116, 2, 103.300),
(116, 3, 1.400),
(116, 4, 18.440),
(116, 5, 700.000),
(116, 6, 700.000),
(116, 7, 31.210),
(116, 8, 93.630),
(117, 1, 38.900),
(117, 2, 122.400),
(117, 3, 5.360),
(117, 4, -8.540),
(117, 5, 554.190),
(117, 6, 482.270),
(117, 7, 2.590),
(117, 8, 99.820),
(118, 1, 57.740),
(118, 2, 91.880),
(118, 3, -15.300),
(118, 4, 3.490),
(118, 5, 200.000),
(118, 6, 290.000),
(118, 7, 13.970),
(118, 8, 32.680),
(119, 1, 30.910),
(119, 2, 72.830),
(119, 3, 11.760),
(119, 4, 11.790),
(119, 5, 844.809),
(119, 6, 244.520),
(119, 7, 20.480),
(119, 8, 77.120),
(120, 1, 75.732),
(120, 2, 61.506),
(120, 3, 17.523),
(120, 4, 7.704),
(120, 5, 200.000),
(120, 6, 356.408),
(120, 7, 28.851),
(120, 8, 7.473),
(121, 1, 23.020),
(121, 2, 8.670),
(121, 3, -1.960),
(121, 4, -5.990),
(121, 5, 200.000),
(121, 6, 700.000),
(121, 7, 28.680),
(121, 8, 57.530),
(122, 1, 65.790),
(122, 2, 53.400),
(122, 3, -17.530),
(122, 4, 3.942),
(122, 5, 200.000),
(122, 6, 442.266),
(122, 7, -0.667),
(122, 8, 19.957),
(123, 1, 26.038),
(123, 2, 102.632),
(123, 3, -7.860),
(123, 4, 10.263),
(123, 5, 200.000),
(123, 6, 624.347),
(123, 7, 8.449),
(123, 8, 22.706),
(124, 1, 32.579),
(124, 2, 109.997),
(124, 3, 11.194),
(124, 4, 3.420),
(124, 5, 412.884),
(124, 6, 207.329),
(124, 7, -38.377),
(124, 8, 91.470),
(125, 1, 53.809),
(125, 2, 136.637),
(125, 3, -19.897),
(125, 4, -13.663),
(125, 5, 307.980),
(125, 6, 700.105),
(125, 7, 29.169),
(125, 8, 9.552),
(126, 1, 28.779),
(126, 2, 54.132),
(126, 3, -12.139),
(126, 4, 13.212),
(126, 5, 553.352),
(126, 6, 700.177),
(126, 7, -48.687),
(126, 8, 27.821),
(127, 1, 79.047),
(127, 2, 70.455),
(127, 3, -8.008),
(127, 4, -5.526),
(127, 5, 200.000),
(127, 6, 289.666),
(127, 7, -8.437),
(127, 8, 63.973),
(128, 1, 60.393),
(128, 2, 92.383),
(128, 3, -16.477),
(128, 4, -0.015),
(128, 5, 199.918),
(128, 6, 700.152),
(128, 7, 34.310),
(128, 8, 68.050),
(129, 1, 35.413),
(129, 2, 44.372),
(129, 3, -0.405),
(129, 4, 6.009),
(129, 5, 700.000),
(129, 6, 700.000),
(129, 7, -18.525),
(129, 8, 86.813),
(130, 1, 67.380),
(130, 2, 34.210),
(130, 3, 1.750),
(130, 4, 5.180),
(130, 5, 791.412),
(130, 6, 292.900),
(130, 7, -41.270),
(130, 8, 0.110),
(131, 1, 14.228),
(131, 2, 57.713),
(131, 3, 14.349),
(131, 4, 3.861),
(131, 5, 699.741),
(131, 6, 364.290),
(131, 7, -12.966),
(131, 8, 39.884),
(132, 1, 69.431),
(132, 2, 123.157),
(132, 3, -15.341),
(132, 4, -9.886),
(132, 5, 838.131),
(132, 6, 121.502),
(132, 7, 24.412),
(132, 8, 74.067),
(133, 1, 81.017),
(133, 2, 134.574),
(133, 3, 6.613),
(133, 4, 18.269),
(133, 5, 700.059),
(133, 6, 669.456),
(133, 7, 51.478),
(133, 8, 69.156),
(134, 1, 83.562),
(134, 2, 98.844),
(134, 3, 15.216),
(134, 4, -4.684),
(134, 5, 700.150),
(134, 6, 700.050),
(134, 7, 56.741),
(134, 8, 39.782),
(135, 1, 26.486),
(135, 2, 4.291),
(135, 3, -17.275),
(135, 4, 18.651),
(135, 5, 699.999),
(135, 6, 700.103),
(135, 7, 46.399),
(135, 8, 41.464),
(136, 1, 8.530),
(136, 2, 114.870),
(136, 3, 11.670),
(136, 4, 9.680),
(136, 5, 872.880),
(136, 6, 357.920),
(136, 7, 31.920),
(136, 8, 86.310),
(137, 1, 14.228),
(137, 2, 57.713),
(137, 3, 14.349),
(137, 4, 3.861),
(137, 5, 699.741),
(137, 6, 364.290),
(137, 7, -12.966),
(137, 8, 39.884),
(138, 1, -69.367),
(138, 2, 219.694),
(138, 3, -58.801),
(138, 4, 57.278),
(138, 5, 200.000),
(138, 6, 291.995),
(138, 7, 147.640),
(138, 8, -154.002),
(139, 1, -48.060),
(139, 2, 198.269),
(139, 3, -51.509),
(139, 4, 48.261),
(139, 5, 200.000),
(139, 6, 291.661),
(139, 7, 125.233),
(139, 8, -122.709),
(140, 1, 38.900),
(140, 2, 122.400),
(140, 3, 5.360),
(140, 4, -8.540),
(140, 5, 554.190),
(140, 6, 482.270),
(140, 7, 2.590),
(140, 8, 99.820),
(141, 1, 32.579),
(141, 2, 109.997),
(141, 3, 11.194),
(141, 4, 3.420),
(141, 5, 412.884),
(141, 6, 207.329),
(141, 7, -38.377),
(141, 8, 91.470),
(142, 1, 75.732),
(142, 2, 61.506),
(142, 3, 17.523),
(142, 4, 7.704),
(142, 5, 200.000),
(142, 6, 356.408),
(142, 7, 28.851),
(142, 8, 7.473),
(143, 1, 30.910),
(143, 2, 72.830),
(143, 3, 11.760),
(143, 4, 11.790),
(143, 5, 844.809),
(143, 6, 244.520),
(143, 7, 20.480),
(143, 8, 77.120),
(144, 1, 69.431),
(144, 2, 123.157),
(144, 3, -15.341),
(144, 4, -9.886),
(144, 5, 838.131),
(144, 6, 121.502),
(144, 7, 24.412),
(144, 8, 74.067),
(145, 1, 180.626),
(145, 2, 184.397),
(145, 3, -33.415),
(145, 4, -26.484),
(145, 5, 488.421),
(145, 6, 541.127),
(145, 7, -25.560),
(145, 8, 123.054),
(146, 1, 60.393),
(146, 2, 92.383),
(146, 3, -16.477),
(146, 4, -0.015),
(146, 5, 199.918),
(146, 6, 700.152),
(146, 7, 34.310),
(146, 8, 68.050),
(147, 1, 28.779),
(147, 2, 54.132),
(147, 3, -12.139),
(147, 4, 13.212),
(147, 5, 553.352),
(147, 6, 700.177),
(147, 7, -48.687),
(147, 8, 27.821),
(148, 1, 53.809),
(148, 2, 136.637),
(148, 3, -19.897),
(148, 4, -13.663),
(148, 5, 307.980),
(148, 6, 700.105),
(148, 7, 29.169),
(148, 8, 9.552),
(149, 1, 26.038),
(149, 2, 102.632),
(149, 3, -7.860),
(149, 4, 10.263),
(149, 5, 200.000),
(149, 6, 624.347),
(149, 7, 8.449),
(149, 8, 22.706),
(150, 1, 65.790),
(150, 2, 53.400),
(150, 3, -17.530),
(150, 4, 3.942),
(150, 5, 200.000),
(150, 6, 442.266),
(150, 7, -0.667),
(150, 8, 19.957),
(151, 1, 23.020),
(151, 2, 8.670),
(151, 3, -1.960),
(151, 4, -5.990),
(151, 5, 200.000),
(151, 6, 700.000),
(151, 7, 28.680),
(151, 8, 57.530),
(152, 1, 26.486),
(152, 2, 4.291),
(152, 3, -17.275),
(152, 4, 18.651),
(152, 5, 699.999),
(152, 6, 700.103),
(152, 7, 46.399),
(152, 8, 41.464),
(153, 1, 180.626),
(153, 2, 184.397),
(153, 3, -33.415),
(153, 4, -26.484),
(153, 5, 488.421),
(153, 6, 541.127),
(153, 7, -25.560),
(153, 8, 123.054),
(154, 1, -69.367),
(154, 2, 219.694),
(154, 3, -58.801),
(154, 4, 57.278),
(154, 5, 200.000),
(154, 6, 291.995),
(154, 7, 147.640),
(154, 8, -154.002),
(155, 1, -48.060),
(155, 2, 198.269),
(155, 3, -51.509),
(155, 4, 48.261),
(155, 5, 200.000),
(155, 6, 291.661),
(155, 7, 125.233),
(155, 8, -122.709),
(156, 1, 180.626),
(156, 2, 184.397),
(156, 3, -33.415),
(156, 4, -26.484),
(156, 5, 488.421),
(156, 6, 541.127),
(156, 7, -25.560),
(156, 8, 123.054),
(157, 1, 15.840),
(157, 2, 75.830),
(157, 3, 6.620),
(157, 4, -19.220),
(157, 5, 651.380),
(157, 6, 865.020),
(157, 7, 42.600),
(157, 8, 56.970),
(158, 1, 14.228),
(158, 2, 57.713),
(158, 3, 14.349),
(158, 4, 3.861),
(158, 5, 699.741),
(158, 6, 364.290),
(158, 7, -12.966),
(158, 8, 39.884),
(159, 1, -69.367),
(159, 2, 219.694),
(159, 3, -58.801),
(159, 4, 57.278),
(159, 5, 200.000),
(159, 6, 291.995),
(159, 7, 147.640),
(159, 8, -154.002),
(160, 1, -48.060),
(160, 2, 198.269),
(160, 3, -51.509),
(160, 4, 48.261),
(160, 5, 200.000),
(160, 6, 291.661),
(160, 7, 125.233),
(160, 8, -122.709),
(161, 1, 38.900),
(161, 2, 122.400),
(161, 3, 5.360),
(161, 4, -8.540),
(161, 5, 554.190),
(161, 6, 482.270),
(161, 7, 2.590),
(161, 8, 99.820),
(162, 1, 32.579),
(162, 2, 109.997),
(162, 3, 11.194),
(162, 4, 3.420),
(162, 5, 412.884),
(162, 6, 207.329),
(162, 7, -38.377),
(162, 8, 91.470),
(163, 1, 75.732),
(163, 2, 61.506),
(163, 3, 17.523),
(163, 4, 7.704),
(163, 5, 200.000),
(163, 6, 356.408),
(163, 7, 28.851),
(163, 8, 7.473),
(164, 1, 30.910),
(164, 2, 72.830),
(164, 3, 11.760),
(164, 4, 11.790),
(164, 5, 844.809),
(164, 6, 244.520),
(164, 7, 20.480),
(164, 8, 77.120),
(165, 1, 69.431),
(165, 2, 123.157),
(165, 3, -15.341),
(165, 4, -9.886),
(165, 5, 838.131),
(165, 6, 121.502),
(165, 7, 24.412),
(165, 8, 74.067),
(166, 1, 180.626),
(166, 2, 184.397),
(166, 3, -33.415),
(166, 4, -26.484),
(166, 5, 488.421),
(166, 6, 541.127),
(166, 7, -25.560),
(166, 8, 123.054),
(167, 1, 60.393),
(167, 2, 92.383),
(167, 3, -16.477),
(167, 4, -0.015),
(167, 5, 199.918),
(167, 6, 700.152),
(167, 7, 34.310),
(167, 8, 68.050),
(168, 1, 28.779),
(168, 2, 54.132),
(168, 3, -12.139),
(168, 4, 13.212),
(168, 5, 553.352),
(168, 6, 700.177),
(168, 7, -48.687),
(168, 8, 27.821),
(169, 1, 53.809),
(169, 2, 136.637),
(169, 3, -19.897),
(169, 4, -13.663),
(169, 5, 307.980),
(169, 6, 700.105),
(169, 7, 29.169),
(169, 8, 9.552),
(170, 1, 26.038),
(170, 2, 102.632),
(170, 3, -7.860),
(170, 4, 10.263),
(170, 5, 200.000),
(170, 6, 624.347),
(170, 7, 8.449),
(170, 8, 22.706),
(171, 1, 65.790),
(171, 2, 53.400),
(171, 3, -17.530),
(171, 4, 3.942),
(171, 5, 200.000),
(171, 6, 442.266),
(171, 7, -0.667),
(171, 8, 19.957),
(172, 1, 23.020),
(172, 2, 8.670),
(172, 3, -1.960),
(172, 4, -5.990),
(172, 5, 200.000),
(172, 6, 700.000),
(172, 7, 28.680),
(172, 8, 57.530),
(173, 1, 26.486),
(173, 2, 4.291),
(173, 3, -17.275),
(173, 4, 18.651),
(173, 5, 699.999),
(173, 6, 700.103),
(173, 7, 46.399),
(173, 8, 41.464),
(174, 1, 180.626),
(174, 2, 184.397),
(174, 3, -33.415),
(174, 4, -26.484),
(174, 5, 488.421),
(174, 6, 541.127),
(174, 7, -25.560),
(174, 8, 123.054),
(175, 1, -69.367),
(175, 2, 219.694),
(175, 3, -58.801),
(175, 4, 57.278),
(175, 5, 200.000),
(175, 6, 291.995),
(175, 7, 147.640),
(175, 8, -154.002),
(176, 1, -48.060),
(176, 2, 198.269),
(176, 3, -51.509),
(176, 4, 48.261),
(176, 5, 200.000),
(176, 6, 291.661),
(176, 7, 125.233),
(176, 8, -122.709),
(177, 1, 180.626),
(177, 2, 184.397),
(177, 3, -33.415),
(177, 4, -26.484),
(177, 5, 488.421),
(177, 6, 541.127),
(177, 7, -25.560),
(177, 8, 123.054),
(178, 1, 67.340),
(178, 2, 106.510),
(178, 3, 8.760),
(178, 4, 11.750),
(178, 5, 642.080),
(178, 6, 725.950),
(178, 7, 47.990),
(178, 8, 89.550),
(179, 1, 14.228),
(179, 2, 57.713),
(179, 3, 14.349),
(179, 4, 3.861),
(179, 5, 699.741),
(179, 6, 364.290),
(179, 7, -12.966),
(179, 8, 39.884),
(180, 1, -69.367),
(180, 2, 219.694),
(180, 3, -58.801),
(180, 4, 57.278),
(180, 5, 200.000),
(180, 6, 291.995),
(180, 7, 147.640),
(180, 8, -154.002),
(181, 1, -48.060),
(181, 2, 198.269),
(181, 3, -51.509),
(181, 4, 48.261),
(181, 5, 200.000),
(181, 6, 291.661),
(181, 7, 125.233),
(181, 8, -122.709),
(182, 1, 38.900),
(182, 2, 122.400),
(182, 3, 5.360),
(182, 4, -8.540),
(182, 5, 554.190),
(182, 6, 482.270),
(182, 7, 2.590),
(182, 8, 99.820),
(183, 1, 32.579),
(183, 2, 109.997),
(183, 3, 11.194),
(183, 4, 3.420),
(183, 5, 412.884),
(183, 6, 207.329),
(183, 7, -38.377),
(183, 8, 91.470),
(184, 1, 75.732),
(184, 2, 61.506),
(184, 3, 17.523),
(184, 4, 7.704),
(184, 5, 200.000),
(184, 6, 356.408),
(184, 7, 28.851),
(184, 8, 7.473),
(185, 1, 30.910),
(185, 2, 72.830),
(185, 3, 11.760),
(185, 4, 11.790),
(185, 5, 844.809),
(185, 6, 244.520),
(185, 7, 20.480),
(185, 8, 77.120),
(186, 1, 69.431),
(186, 2, 123.157),
(186, 3, -15.341),
(186, 4, -9.886),
(186, 5, 838.131),
(186, 6, 121.502),
(186, 7, 24.412),
(186, 8, 74.067),
(187, 1, 180.626),
(187, 2, 184.397),
(187, 3, -33.415),
(187, 4, -26.484),
(187, 5, 488.421),
(187, 6, 541.127),
(187, 7, -25.560),
(187, 8, 123.054),
(188, 1, 60.393),
(188, 2, 92.383),
(188, 3, -16.477),
(188, 4, -0.015),
(188, 5, 199.918),
(188, 6, 700.152),
(188, 7, 34.310),
(188, 8, 68.050),
(189, 1, 28.779),
(189, 2, 54.132),
(189, 3, -12.139),
(189, 4, 13.212),
(189, 5, 553.352),
(189, 6, 700.177),
(189, 7, -48.687),
(189, 8, 27.821),
(190, 1, 53.809),
(190, 2, 136.637),
(190, 3, -19.897),
(190, 4, -13.663),
(190, 5, 307.980),
(190, 6, 700.105),
(190, 7, 29.169),
(190, 8, 9.552),
(191, 1, 26.038),
(191, 2, 102.632),
(191, 3, -7.860),
(191, 4, 10.263),
(191, 5, 200.000),
(191, 6, 624.347),
(191, 7, 8.449),
(191, 8, 22.706),
(192, 1, 65.790),
(192, 2, 53.400),
(192, 3, -17.530),
(192, 4, 3.942),
(192, 5, 200.000),
(192, 6, 442.266),
(192, 7, -0.667),
(192, 8, 19.957),
(193, 1, 23.020),
(193, 2, 8.670),
(193, 3, -1.960),
(193, 4, -5.990),
(193, 5, 200.000),
(193, 6, 700.000),
(193, 7, 28.680),
(193, 8, 57.530),
(194, 1, 26.486),
(194, 2, 4.291),
(194, 3, -17.275),
(194, 4, 18.651),
(194, 5, 699.999),
(194, 6, 700.103),
(194, 7, 46.399),
(194, 8, 41.464),
(195, 1, 180.626),
(195, 2, 184.397),
(195, 3, -33.415),
(195, 4, -26.484),
(195, 5, 488.421),
(195, 6, 541.127),
(195, 7, -25.560),
(195, 8, 123.054),
(196, 1, -69.367),
(196, 2, 219.694),
(196, 3, -58.801),
(196, 4, 57.278),
(196, 5, 200.000),
(196, 6, 291.995),
(196, 7, 147.640),
(196, 8, -154.002),
(197, 1, -48.060),
(197, 2, 198.269),
(197, 3, -51.509),
(197, 4, 48.261),
(197, 5, 200.000),
(197, 6, 291.661),
(197, 7, 125.233),
(197, 8, -122.709),
(198, 1, 180.626),
(198, 2, 184.397),
(198, 3, -33.415),
(198, 4, -26.484),
(198, 5, 488.421),
(198, 6, 541.127),
(198, 7, -25.560),
(198, 8, 123.054),
(199, 1, 6.500),
(199, 2, 139.830),
(199, 3, 17.950),
(199, 4, -4.110),
(199, 5, 505.150),
(199, 6, 584.170),
(199, 7, 10.420),
(199, 8, 80.430),
(200, 1, 14.228),
(200, 2, 57.713),
(200, 3, 14.349),
(200, 4, 3.861),
(200, 5, 699.741),
(200, 6, 364.290),
(200, 7, -12.966),
(200, 8, 39.884),
(201, 1, -69.367),
(201, 2, 219.694),
(201, 3, -58.801),
(201, 4, 57.278),
(201, 5, 200.000),
(201, 6, 291.995),
(201, 7, 147.640),
(201, 8, -154.002),
(202, 1, -48.060),
(202, 2, 198.269),
(202, 3, -51.509),
(202, 4, 48.261),
(202, 5, 200.000),
(202, 6, 291.661),
(202, 7, 125.233),
(202, 8, -122.709),
(203, 1, 38.900),
(203, 2, 122.400),
(203, 3, 5.360),
(203, 4, -8.540),
(203, 5, 554.190),
(203, 6, 482.270),
(203, 7, 2.590),
(203, 8, 99.820),
(204, 1, 32.579),
(204, 2, 109.997),
(204, 3, 11.194),
(204, 4, 3.420),
(204, 5, 412.884),
(204, 6, 207.329),
(204, 7, -38.377),
(204, 8, 91.470),
(205, 1, 75.732),
(205, 2, 61.506),
(205, 3, 17.523),
(205, 4, 7.704),
(205, 5, 200.000),
(205, 6, 356.408),
(205, 7, 28.851),
(205, 8, 7.473),
(206, 1, 30.910),
(206, 2, 72.830),
(206, 3, 11.760),
(206, 4, 11.790),
(206, 5, 844.809),
(206, 6, 244.520),
(206, 7, 20.480),
(206, 8, 77.120),
(207, 1, 69.431),
(207, 2, 123.157),
(207, 3, -15.341),
(207, 4, -9.886),
(207, 5, 838.131),
(207, 6, 121.502),
(207, 7, 24.412),
(207, 8, 74.067),
(208, 1, 180.626),
(208, 2, 184.397),
(208, 3, -33.415),
(208, 4, -26.484),
(208, 5, 488.421),
(208, 6, 541.127),
(208, 7, -25.560),
(208, 8, 123.054),
(209, 1, 60.393),
(209, 2, 92.383),
(209, 3, -16.477),
(209, 4, -0.015),
(209, 5, 199.918),
(209, 6, 700.152),
(209, 7, 34.310),
(209, 8, 68.050),
(210, 1, 28.779),
(210, 2, 54.132),
(210, 3, -12.139),
(210, 4, 13.212),
(210, 5, 553.352),
(210, 6, 700.177),
(210, 7, -48.687),
(210, 8, 27.821),
(211, 1, 53.809),
(211, 2, 136.637),
(211, 3, -19.897),
(211, 4, -13.663),
(211, 5, 307.980),
(211, 6, 700.105),
(211, 7, 29.169),
(211, 8, 9.552),
(212, 1, 26.038),
(212, 2, 102.632),
(212, 3, -7.860),
(212, 4, 10.263),
(212, 5, 200.000),
(212, 6, 624.347),
(212, 7, 8.449),
(212, 8, 22.706),
(213, 1, 65.790),
(213, 2, 53.400),
(213, 3, -17.530),
(213, 4, 3.942),
(213, 5, 200.000),
(213, 6, 442.266),
(213, 7, -0.667),
(213, 8, 19.957),
(214, 1, 23.020),
(214, 2, 8.670),
(214, 3, -1.960),
(214, 4, -5.990),
(214, 5, 200.000),
(214, 6, 700.000),
(214, 7, 28.680),
(214, 8, 57.530),
(215, 1, 26.486),
(215, 2, 4.291),
(215, 3, -17.275),
(215, 4, 18.651),
(215, 5, 699.999),
(215, 6, 700.103),
(215, 7, 46.399),
(215, 8, 41.464),
(216, 1, 180.626),
(216, 2, 184.397),
(216, 3, -33.415),
(216, 4, -26.484),
(216, 5, 488.421),
(216, 6, 541.127),
(216, 7, -25.560),
(216, 8, 123.054),
(217, 1, -69.367),
(217, 2, 219.694),
(217, 3, -58.801),
(217, 4, 57.278),
(217, 5, 200.000),
(217, 6, 291.995),
(217, 7, 147.640),
(217, 8, -154.002),
(218, 1, -48.060),
(218, 2, 198.269),
(218, 3, -51.509),
(218, 4, 48.261),
(218, 5, 200.000),
(218, 6, 291.661),
(218, 7, 125.233),
(218, 8, -122.709),
(219, 1, 180.626),
(219, 2, 184.397),
(219, 3, -33.415),
(219, 4, -26.484),
(219, 5, 488.421),
(219, 6, 541.127),
(219, 7, -25.560),
(219, 8, 123.054),
(220, 1, 25.520),
(220, 2, 127.360),
(220, 3, 18.480),
(220, 4, -7.080),
(220, 5, 827.440),
(220, 6, 8.870),
(220, 7, -3.350),
(220, 8, 79.190),
(221, 1, 14.228),
(221, 2, 57.713),
(221, 3, 14.349),
(221, 4, 3.861),
(221, 5, 699.741),
(221, 6, 364.290),
(221, 7, -12.966),
(221, 8, 39.884),
(222, 1, -69.367),
(222, 2, 219.694),
(222, 3, -58.801),
(222, 4, 57.278),
(222, 5, 200.000),
(222, 6, 291.995),
(222, 7, 147.640),
(222, 8, -154.002),
(223, 1, -48.060),
(223, 2, 198.269),
(223, 3, -51.509),
(223, 4, 48.261),
(223, 5, 200.000),
(223, 6, 291.661),
(223, 7, 125.233),
(223, 8, -122.709),
(224, 1, 38.900),
(224, 2, 122.400),
(224, 3, 5.360),
(224, 4, -8.540),
(224, 5, 554.190),
(224, 6, 482.270),
(224, 7, 2.590),
(224, 8, 99.820),
(225, 1, 32.579),
(225, 2, 109.997),
(225, 3, 11.194),
(225, 4, 3.420),
(225, 5, 412.884),
(225, 6, 207.329),
(225, 7, -38.377),
(225, 8, 91.470),
(226, 1, 75.732),
(226, 2, 61.506),
(226, 3, 17.523),
(226, 4, 7.704),
(226, 5, 200.000),
(226, 6, 356.408),
(226, 7, 28.851),
(226, 8, 7.473),
(227, 1, 30.910),
(227, 2, 72.830),
(227, 3, 11.760),
(227, 4, 11.790),
(227, 5, 844.809),
(227, 6, 244.520),
(227, 7, 20.480),
(227, 8, 77.120),
(228, 1, 69.431),
(228, 2, 123.157),
(228, 3, -15.341),
(228, 4, -9.886),
(228, 5, 838.131),
(228, 6, 121.502),
(228, 7, 24.412),
(228, 8, 74.067),
(229, 1, 180.626),
(229, 2, 184.397),
(229, 3, -33.415),
(229, 4, -26.484),
(229, 5, 488.421),
(229, 6, 541.127),
(229, 7, -25.560),
(229, 8, 123.054),
(230, 1, 60.393),
(230, 2, 92.383),
(230, 3, -16.477),
(230, 4, -0.015),
(230, 5, 199.918),
(230, 6, 700.152),
(230, 7, 34.310),
(230, 8, 68.050),
(231, 1, 28.779),
(231, 2, 54.132),
(231, 3, -12.139),
(231, 4, 13.212),
(231, 5, 553.352),
(231, 6, 700.177),
(231, 7, -48.687),
(231, 8, 27.821),
(232, 1, 53.809),
(232, 2, 136.637),
(232, 3, -19.897),
(232, 4, -13.663),
(232, 5, 307.980),
(232, 6, 700.105),
(232, 7, 29.169),
(232, 8, 9.552),
(233, 1, 26.038),
(233, 2, 102.632),
(233, 3, -7.860),
(233, 4, 10.263),
(233, 5, 200.000),
(233, 6, 624.347),
(233, 7, 8.449),
(233, 8, 22.706),
(234, 1, 65.790),
(234, 2, 53.400),
(234, 3, -17.530),
(234, 4, 3.942),
(234, 5, 200.000),
(234, 6, 442.266),
(234, 7, -0.667),
(234, 8, 19.957),
(235, 1, 23.020),
(235, 2, 8.670),
(235, 3, -1.960),
(235, 4, -5.990),
(235, 5, 200.000),
(235, 6, 700.000),
(235, 7, 28.680),
(235, 8, 57.530),
(236, 1, 26.486),
(236, 2, 4.291),
(236, 3, -17.275),
(236, 4, 18.651),
(236, 5, 699.999),
(236, 6, 700.103),
(236, 7, 46.399),
(236, 8, 41.464),
(237, 1, 180.626),
(237, 2, 184.397),
(237, 3, -33.415),
(237, 4, -26.484),
(237, 5, 488.421),
(237, 6, 541.127),
(237, 7, -25.560),
(237, 8, 123.054),
(238, 1, -69.367),
(238, 2, 219.694),
(238, 3, -58.801),
(238, 4, 57.278),
(238, 5, 200.000),
(238, 6, 291.995),
(238, 7, 147.640),
(238, 8, -154.002),
(239, 1, -48.060),
(239, 2, 198.269),
(239, 3, -51.509),
(239, 4, 48.261),
(239, 5, 200.000),
(239, 6, 291.661),
(239, 7, 125.233),
(239, 8, -122.709),
(240, 1, 180.626),
(240, 2, 184.397),
(240, 3, -33.415),
(240, 4, -26.484),
(240, 5, 488.421),
(240, 6, 541.127),
(240, 7, -25.560),
(240, 8, 123.054),
(241, 1, 1.300),
(241, 2, 22.860),
(241, 3, -5.390),
(241, 4, -12.930),
(241, 5, 713.400),
(241, 6, 20.470),
(241, 7, 24.370),
(241, 8, 76.000),
(242, 1, 38.900),
(242, 2, 122.400),
(242, 3, 5.360),
(242, 4, -8.540),
(242, 5, 554.190),
(242, 6, 482.270),
(242, 7, 2.590),
(242, 8, 99.820),
(243, 1, 32.550),
(243, 2, 136.098),
(243, 3, -3.692),
(243, 4, 4.267),
(243, 5, 312.188),
(243, 6, 700.297),
(243, 7, -205.059),
(243, 8, 5.386),
(244, 1, 14.228),
(244, 2, 57.713),
(244, 3, 14.349),
(244, 4, 3.861),
(244, 5, 699.741),
(244, 6, 364.290),
(244, 7, -12.966),
(244, 8, 39.884),
(245, 1, 30.257),
(245, 2, 86.256),
(245, 3, -8.828),
(245, 4, 9.706),
(245, 5, 458.834),
(245, 6, 700.224),
(245, 7, -109.973),
(245, 8, 19.028),
(246, 1, 67.380),
(246, 2, 34.210),
(246, 3, 1.750),
(246, 4, 5.180),
(246, 5, 791.412),
(246, 6, 292.900),
(246, 7, -41.270),
(246, 8, 0.110),
(247, 1, 69.431),
(247, 2, 123.157),
(247, 3, -15.341),
(247, 4, -9.886),
(247, 5, 838.131),
(247, 6, 121.502),
(247, 7, 24.412),
(247, 8, 74.067),
(248, 1, 30.910),
(248, 2, 72.830),
(248, 3, 11.760),
(248, 4, 11.790),
(248, 5, 844.809),
(248, 6, 244.520),
(248, 7, 20.480),
(248, 8, 77.120),
(249, 1, -48.060),
(249, 2, 198.269),
(249, 3, -51.509),
(249, 4, 48.261),
(249, 5, 200.000),
(249, 6, 291.661),
(249, 7, 125.233),
(249, 8, -122.709),
(250, 1, 67.380),
(250, 2, 34.210),
(250, 3, 1.750),
(250, 4, 5.180),
(250, 5, 791.412),
(250, 6, 292.900),
(250, 7, -41.270),
(250, 8, 0.110),
(251, 1, 67.380),
(251, 2, 34.210),
(251, 3, 1.750),
(251, 4, 5.180),
(251, 5, 791.412),
(251, 6, 292.900),
(251, 7, -41.270),
(251, 8, 0.110),
(252, 1, -69.367),
(252, 2, 219.694),
(252, 3, -58.801),
(252, 4, 57.278),
(252, 5, 200.000),
(252, 6, 291.995),
(252, 7, 147.640),
(252, 8, -154.002),
(253, 1, 60.393),
(253, 2, 92.383),
(253, 3, -16.477),
(253, 4, -0.015),
(253, 5, 199.918),
(253, 6, 700.152),
(253, 7, 34.310),
(253, 8, 68.050),
(254, 1, 75.732),
(254, 2, 61.506),
(254, 3, 17.523),
(254, 4, 7.704),
(254, 5, 200.000),
(254, 6, 356.408),
(254, 7, 28.851),
(254, 8, 7.473),
(255, 1, 32.579),
(255, 2, 109.997),
(255, 3, 11.194),
(255, 4, 3.420),
(255, 5, 412.884),
(255, 6, 207.329),
(255, 7, -38.377),
(255, 8, 91.470),
(256, 1, 53.809),
(256, 2, 136.637),
(256, 3, -19.897),
(256, 4, -13.663),
(256, 5, 307.980),
(256, 6, 700.105),
(256, 7, 29.169),
(256, 8, 9.552),
(257, 1, -48.060),
(257, 2, 198.269),
(257, 3, -51.509),
(257, 4, 48.261),
(257, 5, 200.000),
(257, 6, 291.661),
(257, 7, 125.233),
(257, 8, -122.709),
(258, 1, 32.550),
(258, 2, 136.098),
(258, 3, -3.692),
(258, 4, 4.267),
(258, 5, 312.188),
(258, 6, 700.297),
(258, 7, -205.059),
(258, 8, 5.386),
(259, 1, 67.380),
(259, 2, 34.210),
(259, 3, 1.750),
(259, 4, 5.180),
(259, 5, 791.412),
(259, 6, 292.900),
(259, 7, -41.270),
(259, 8, 0.110),
(260, 1, 30.257),
(260, 2, 86.256),
(260, 3, -8.828),
(260, 4, 9.706),
(260, 5, 458.834),
(260, 6, 700.224),
(260, 7, -109.973),
(260, 8, 19.028),
(261, 1, 67.380),
(261, 2, 34.210),
(261, 3, 1.750),
(261, 4, 5.180),
(261, 5, 791.412),
(261, 6, 292.900),
(261, 7, -41.270),
(261, 8, 0.110),
(262, 1, 4.980),
(262, 2, 61.470),
(262, 3, -16.490),
(262, 4, -11.010),
(262, 5, 655.680),
(262, 6, 132.210),
(262, 7, -33.290),
(262, 8, 39.840),
(263, 1, 38.900),
(263, 2, 122.400),
(263, 3, 5.360),
(263, 4, -8.540),
(263, 5, 554.190),
(263, 6, 482.270),
(263, 7, 2.590),
(263, 8, 99.820),
(264, 1, 32.550),
(264, 2, 136.098),
(264, 3, -3.692),
(264, 4, 4.267),
(264, 5, 312.188),
(264, 6, 700.297),
(264, 7, -205.059),
(264, 8, 5.386),
(265, 1, 14.228),
(265, 2, 57.713),
(265, 3, 14.349),
(265, 4, 3.861),
(265, 5, 699.741),
(265, 6, 364.290),
(265, 7, -12.966),
(265, 8, 39.884),
(266, 1, 30.257),
(266, 2, 86.256),
(266, 3, -8.828),
(266, 4, 9.706),
(266, 5, 458.834),
(266, 6, 700.224),
(266, 7, -109.973),
(266, 8, 19.028),
(267, 1, 67.380),
(267, 2, 34.210),
(267, 3, 1.750),
(267, 4, 5.180),
(267, 5, 791.412),
(267, 6, 292.900),
(267, 7, -41.270),
(267, 8, 0.110),
(268, 1, 69.431),
(268, 2, 123.157),
(268, 3, -15.341),
(268, 4, -9.886),
(268, 5, 838.131),
(268, 6, 121.502),
(268, 7, 24.412),
(268, 8, 74.067),
(269, 1, 30.910),
(269, 2, 72.830),
(269, 3, 11.760),
(269, 4, 11.790),
(269, 5, 844.809),
(269, 6, 244.520),
(269, 7, 20.480),
(269, 8, 77.120),
(270, 1, -48.060),
(270, 2, 198.269),
(270, 3, -51.509),
(270, 4, 48.261),
(270, 5, 200.000),
(270, 6, 291.661),
(270, 7, 125.233),
(270, 8, -122.709),
(271, 1, 67.380),
(271, 2, 34.210),
(271, 3, 1.750),
(271, 4, 5.180),
(271, 5, 791.412),
(271, 6, 292.900),
(271, 7, -41.270),
(271, 8, 0.110),
(272, 1, 67.380),
(272, 2, 34.210),
(272, 3, 1.750),
(272, 4, 5.180),
(272, 5, 791.412),
(272, 6, 292.900),
(272, 7, -41.270),
(272, 8, 0.110),
(273, 1, -69.367),
(273, 2, 219.694),
(273, 3, -58.801),
(273, 4, 57.278),
(273, 5, 200.000),
(273, 6, 291.995),
(273, 7, 147.640),
(273, 8, -154.002),
(274, 1, 60.393),
(274, 2, 92.383),
(274, 3, -16.477),
(274, 4, -0.015),
(274, 5, 199.918),
(274, 6, 700.152),
(274, 7, 34.310),
(274, 8, 68.050),
(275, 1, 75.732),
(275, 2, 61.506),
(275, 3, 17.523),
(275, 4, 7.704),
(275, 5, 200.000),
(275, 6, 356.408),
(275, 7, 28.851),
(275, 8, 7.473),
(276, 1, 32.579),
(276, 2, 109.997),
(276, 3, 11.194),
(276, 4, 3.420),
(276, 5, 412.884),
(276, 6, 207.329),
(276, 7, -38.377),
(276, 8, 91.470),
(277, 1, 53.809),
(277, 2, 136.637),
(277, 3, -19.897),
(277, 4, -13.663),
(277, 5, 307.980),
(277, 6, 700.105),
(277, 7, 29.169),
(277, 8, 9.552),
(278, 1, -48.060),
(278, 2, 198.269),
(278, 3, -51.509),
(278, 4, 48.261),
(278, 5, 200.000),
(278, 6, 291.661),
(278, 7, 125.233),
(278, 8, -122.709),
(279, 1, 32.550),
(279, 2, 136.098),
(279, 3, -3.692),
(279, 4, 4.267),
(279, 5, 312.188),
(279, 6, 700.297),
(279, 7, -205.059),
(279, 8, 5.386),
(280, 1, 67.380),
(280, 2, 34.210),
(280, 3, 1.750),
(280, 4, 5.180),
(280, 5, 791.412),
(280, 6, 292.900),
(280, 7, -41.270),
(280, 8, 0.110),
(281, 1, 30.257),
(281, 2, 86.256),
(281, 3, -8.828),
(281, 4, 9.706),
(281, 5, 458.834),
(281, 6, 700.224),
(281, 7, -109.973),
(281, 8, 19.028),
(282, 1, 67.380),
(282, 2, 34.210),
(282, 3, 1.750),
(282, 4, 5.180),
(282, 5, 791.412),
(282, 6, 292.900),
(282, 7, -41.270),
(282, 8, 0.110),
(283, 1, 67.030),
(283, 2, 85.110),
(283, 3, 13.310),
(283, 4, 3.970),
(283, 5, 422.220),
(283, 6, 644.150),
(283, 7, 45.420),
(283, 8, 80.230),
(284, 1, 38.900),
(284, 2, 122.400),
(284, 3, 5.360),
(284, 4, -8.540),
(284, 5, 554.190),
(284, 6, 482.270),
(284, 7, 2.590),
(284, 8, 99.820),
(285, 1, 32.550),
(285, 2, 136.098),
(285, 3, -3.692),
(285, 4, 4.267),
(285, 5, 312.188),
(285, 6, 700.297),
(285, 7, -205.059),
(285, 8, 5.386),
(286, 1, 14.228),
(286, 2, 57.713),
(286, 3, 14.349),
(286, 4, 3.861),
(286, 5, 699.741),
(286, 6, 364.290),
(286, 7, -12.966),
(286, 8, 39.884),
(287, 1, 30.257),
(287, 2, 86.256),
(287, 3, -8.828),
(287, 4, 9.706),
(287, 5, 458.834),
(287, 6, 700.224),
(287, 7, -109.973),
(287, 8, 19.028),
(288, 1, 67.380),
(288, 2, 34.210),
(288, 3, 1.750),
(288, 4, 5.180),
(288, 5, 791.412),
(288, 6, 292.900),
(288, 7, -41.270),
(288, 8, 0.110),
(289, 1, 69.431),
(289, 2, 123.157),
(289, 3, -15.341),
(289, 4, -9.886),
(289, 5, 838.131),
(289, 6, 121.502),
(289, 7, 24.412),
(289, 8, 74.067),
(290, 1, 30.910),
(290, 2, 72.830),
(290, 3, 11.760),
(290, 4, 11.790),
(290, 5, 844.809),
(290, 6, 244.520),
(290, 7, 20.480),
(290, 8, 77.120),
(291, 1, -48.060),
(291, 2, 198.269),
(291, 3, -51.509),
(291, 4, 48.261),
(291, 5, 200.000),
(291, 6, 291.661),
(291, 7, 125.233),
(291, 8, -122.709),
(292, 1, 67.380),
(292, 2, 34.210),
(292, 3, 1.750),
(292, 4, 5.180),
(292, 5, 791.412),
(292, 6, 292.900),
(292, 7, -41.270),
(292, 8, 0.110),
(293, 1, 67.380),
(293, 2, 34.210),
(293, 3, 1.750),
(293, 4, 5.180),
(293, 5, 791.412),
(293, 6, 292.900),
(293, 7, -41.270),
(293, 8, 0.110),
(294, 1, -69.367),
(294, 2, 219.694),
(294, 3, -58.801),
(294, 4, 57.278),
(294, 5, 200.000),
(294, 6, 291.995),
(294, 7, 147.640),
(294, 8, -154.002),
(295, 1, 60.393),
(295, 2, 92.383),
(295, 3, -16.477),
(295, 4, -0.015),
(295, 5, 199.918),
(295, 6, 700.152),
(295, 7, 34.310),
(295, 8, 68.050),
(296, 1, 75.732),
(296, 2, 61.506),
(296, 3, 17.523),
(296, 4, 7.704),
(296, 5, 200.000),
(296, 6, 356.408),
(296, 7, 28.851),
(296, 8, 7.473),
(297, 1, 32.579),
(297, 2, 109.997),
(297, 3, 11.194),
(297, 4, 3.420),
(297, 5, 412.884),
(297, 6, 207.329),
(297, 7, -38.377),
(297, 8, 91.470),
(298, 1, 53.809),
(298, 2, 136.637),
(298, 3, -19.897),
(298, 4, -13.663),
(298, 5, 307.980),
(298, 6, 700.105),
(298, 7, 29.169),
(298, 8, 9.552),
(299, 1, -48.060),
(299, 2, 198.269),
(299, 3, -51.509),
(299, 4, 48.261),
(299, 5, 200.000),
(299, 6, 291.661),
(299, 7, 125.233),
(299, 8, -122.709),
(300, 1, 32.550),
(300, 2, 136.098),
(300, 3, -3.692),
(300, 4, 4.267),
(300, 5, 312.188),
(300, 6, 700.297),
(300, 7, -205.059),
(300, 8, 5.386),
(301, 1, 67.380),
(301, 2, 34.210),
(301, 3, 1.750),
(301, 4, 5.180),
(301, 5, 791.412),
(301, 6, 292.900),
(301, 7, -41.270),
(301, 8, 0.110),
(302, 1, 30.257),
(302, 2, 86.256),
(302, 3, -8.828),
(302, 4, 9.706),
(302, 5, 458.834),
(302, 6, 700.224),
(302, 7, -109.973),
(302, 8, 19.028),
(303, 1, 67.380),
(303, 2, 34.210),
(303, 3, 1.750),
(303, 4, 5.180),
(303, 5, 791.412),
(303, 6, 292.900),
(303, 7, -41.270),
(303, 8, 0.110),
(304, 1, 59.400),
(304, 2, 10.890),
(304, 3, 5.670),
(304, 4, -19.090),
(304, 5, 848.350),
(304, 6, 156.520),
(304, 7, 33.890),
(304, 8, 68.210),
(305, 1, 38.900),
(305, 2, 122.400),
(305, 3, 5.360),
(305, 4, -8.540),
(305, 5, 554.190),
(305, 6, 482.270),
(305, 7, 2.590),
(305, 8, 99.820),
(306, 1, 32.550),
(306, 2, 136.098),
(306, 3, -3.692),
(306, 4, 4.267),
(306, 5, 312.188),
(306, 6, 700.297),
(306, 7, -205.059),
(306, 8, 5.386),
(307, 1, 14.228),
(307, 2, 57.713),
(307, 3, 14.349),
(307, 4, 3.861),
(307, 5, 699.741),
(307, 6, 364.290),
(307, 7, -12.966),
(307, 8, 39.884),
(308, 1, 30.257),
(308, 2, 86.256),
(308, 3, -8.828),
(308, 4, 9.706),
(308, 5, 458.834),
(308, 6, 700.224),
(308, 7, -109.973),
(308, 8, 19.028),
(309, 1, 67.380),
(309, 2, 34.210),
(309, 3, 1.750),
(309, 4, 5.180),
(309, 5, 791.412),
(309, 6, 292.900),
(309, 7, -41.270),
(309, 8, 0.110),
(310, 1, 69.431),
(310, 2, 123.157),
(310, 3, -15.341),
(310, 4, -9.886),
(310, 5, 838.131),
(310, 6, 121.502),
(310, 7, 24.412),
(310, 8, 74.067),
(311, 1, 30.910),
(311, 2, 72.830),
(311, 3, 11.760),
(311, 4, 11.790),
(311, 5, 844.809),
(311, 6, 244.520),
(311, 7, 20.480),
(311, 8, 77.120),
(312, 1, -48.060),
(312, 2, 198.269),
(312, 3, -51.509),
(312, 4, 48.261),
(312, 5, 200.000),
(312, 6, 291.661),
(312, 7, 125.233),
(312, 8, -122.709),
(313, 1, 67.380),
(313, 2, 34.210),
(313, 3, 1.750),
(313, 4, 5.180),
(313, 5, 791.412),
(313, 6, 292.900),
(313, 7, -41.270),
(313, 8, 0.110),
(314, 1, 67.380),
(314, 2, 34.210),
(314, 3, 1.750),
(314, 4, 5.180),
(314, 5, 791.412),
(314, 6, 292.900),
(314, 7, -41.270),
(314, 8, 0.110),
(315, 1, -69.367),
(315, 2, 219.694),
(315, 3, -58.801),
(315, 4, 57.278),
(315, 5, 200.000),
(315, 6, 291.995),
(315, 7, 147.640),
(315, 8, -154.002),
(316, 1, 60.393),
(316, 2, 92.383),
(316, 3, -16.477),
(316, 4, -0.015),
(316, 5, 199.918),
(316, 6, 700.152),
(316, 7, 34.310),
(316, 8, 68.050),
(317, 1, 75.732),
(317, 2, 61.506),
(317, 3, 17.523),
(317, 4, 7.704),
(317, 5, 200.000),
(317, 6, 356.408),
(317, 7, 28.851),
(317, 8, 7.473),
(318, 1, 32.579),
(318, 2, 109.997),
(318, 3, 11.194),
(318, 4, 3.420),
(318, 5, 412.884),
(318, 6, 207.329),
(318, 7, -38.377),
(318, 8, 91.470),
(319, 1, 53.809),
(319, 2, 136.637),
(319, 3, -19.897),
(319, 4, -13.663),
(319, 5, 307.980),
(319, 6, 700.105),
(319, 7, 29.169),
(319, 8, 9.552),
(320, 1, -48.060),
(320, 2, 198.269),
(320, 3, -51.509),
(320, 4, 48.261),
(320, 5, 200.000),
(320, 6, 291.661),
(320, 7, 125.233),
(320, 8, -122.709),
(321, 1, 32.550),
(321, 2, 136.098),
(321, 3, -3.692),
(321, 4, 4.267),
(321, 5, 312.188),
(321, 6, 700.297),
(321, 7, -205.059),
(321, 8, 5.386),
(322, 1, 67.380),
(322, 2, 34.210),
(322, 3, 1.750),
(322, 4, 5.180),
(322, 5, 791.412),
(322, 6, 292.900),
(322, 7, -41.270),
(322, 8, 0.110),
(323, 1, 30.257),
(323, 2, 86.256),
(323, 3, -8.828),
(323, 4, 9.706),
(323, 5, 458.834),
(323, 6, 700.224),
(323, 7, -109.973),
(323, 8, 19.028),
(324, 1, 67.380),
(324, 2, 34.210),
(324, 3, 1.750),
(324, 4, 5.180),
(324, 5, 791.412),
(324, 6, 292.900),
(324, 7, -41.270),
(324, 8, 0.110),
(325, 1, 18.880),
(325, 2, 31.850),
(325, 3, -3.410),
(325, 4, 4.210),
(325, 5, 483.330),
(325, 6, 61.360),
(325, 7, -45.990),
(325, 8, 70.310),
(326, 1, 38.900),
(326, 2, 122.400),
(326, 3, 5.360),
(326, 4, -8.540),
(326, 5, 554.190),
(326, 6, 482.270),
(326, 7, 2.590),
(326, 8, 99.820),
(327, 1, 32.550),
(327, 2, 136.098),
(327, 3, -3.692),
(327, 4, 4.267),
(327, 5, 312.188),
(327, 6, 700.297),
(327, 7, -205.059),
(327, 8, 5.386),
(328, 1, 14.228),
(328, 2, 57.713),
(328, 3, 14.349),
(328, 4, 3.861),
(328, 5, 699.741),
(328, 6, 364.290),
(328, 7, -12.966),
(328, 8, 39.884),
(329, 1, 30.257),
(329, 2, 86.256),
(329, 3, -8.828),
(329, 4, 9.706),
(329, 5, 458.834),
(329, 6, 700.224),
(329, 7, -109.973),
(329, 8, 19.028),
(330, 1, 67.380),
(330, 2, 34.210),
(330, 3, 1.750),
(330, 4, 5.180),
(330, 5, 791.412),
(330, 6, 292.900),
(330, 7, -41.270),
(330, 8, 0.110),
(331, 1, 69.431),
(331, 2, 123.157),
(331, 3, -15.341),
(331, 4, -9.886),
(331, 5, 838.131),
(331, 6, 121.502),
(331, 7, 24.412),
(331, 8, 74.067),
(332, 1, 30.910),
(332, 2, 72.830),
(332, 3, 11.760),
(332, 4, 11.790),
(332, 5, 844.809),
(332, 6, 244.520),
(332, 7, 20.480),
(332, 8, 77.120),
(333, 1, -48.060),
(333, 2, 198.269),
(333, 3, -51.509),
(333, 4, 48.261),
(333, 5, 200.000),
(333, 6, 291.661),
(333, 7, 125.233),
(333, 8, -122.709),
(334, 1, 67.380),
(334, 2, 34.210),
(334, 3, 1.750),
(334, 4, 5.180),
(334, 5, 791.412),
(334, 6, 292.900),
(334, 7, -41.270),
(334, 8, 0.110),
(335, 1, 67.380),
(335, 2, 34.210),
(335, 3, 1.750),
(335, 4, 5.180),
(335, 5, 791.412),
(335, 6, 292.900),
(335, 7, -41.270),
(335, 8, 0.110),
(336, 1, -69.367),
(336, 2, 219.694),
(336, 3, -58.801),
(336, 4, 57.278),
(336, 5, 200.000),
(336, 6, 291.995),
(336, 7, 147.640),
(336, 8, -154.002),
(337, 1, 60.393),
(337, 2, 92.383),
(337, 3, -16.477),
(337, 4, -0.015),
(337, 5, 199.918),
(337, 6, 700.152),
(337, 7, 34.310),
(337, 8, 68.050),
(338, 1, 75.732),
(338, 2, 61.506),
(338, 3, 17.523),
(338, 4, 7.704),
(338, 5, 200.000),
(338, 6, 356.408),
(338, 7, 28.851),
(338, 8, 7.473),
(339, 1, 32.579),
(339, 2, 109.997),
(339, 3, 11.194),
(339, 4, 3.420),
(339, 5, 412.884),
(339, 6, 207.329),
(339, 7, -38.377),
(339, 8, 91.470),
(340, 1, 53.809),
(340, 2, 136.637),
(340, 3, -19.897),
(340, 4, -13.663),
(340, 5, 307.980),
(340, 6, 700.105),
(340, 7, 29.169),
(340, 8, 9.552),
(341, 1, -48.060),
(341, 2, 198.269),
(341, 3, -51.509),
(341, 4, 48.261),
(341, 5, 200.000),
(341, 6, 291.661),
(341, 7, 125.233),
(341, 8, -122.709),
(342, 1, 32.550),
(342, 2, 136.098),
(342, 3, -3.692),
(342, 4, 4.267),
(342, 5, 312.188),
(342, 6, 700.297),
(342, 7, -205.059),
(342, 8, 5.386),
(343, 1, 67.380),
(343, 2, 34.210),
(343, 3, 1.750),
(343, 4, 5.180),
(343, 5, 791.412),
(343, 6, 292.900),
(343, 7, -41.270),
(343, 8, 0.110),
(344, 1, 30.257),
(344, 2, 86.256),
(344, 3, -8.828),
(344, 4, 9.706),
(344, 5, 458.834),
(344, 6, 700.224),
(344, 7, -109.973),
(344, 8, 19.028),
(345, 1, 67.380),
(345, 2, 34.210),
(345, 3, 1.750),
(345, 4, 5.180),
(345, 5, 791.412),
(345, 6, 292.900),
(345, 7, -41.270),
(345, 8, 0.110),
(346, 1, 86.480),
(346, 2, 139.760),
(346, 3, 7.170),
(346, 4, -11.150),
(346, 5, 570.470),
(346, 6, 598.980),
(346, 7, -39.690),
(346, 8, 33.740),
(347, 1, 14.228),
(347, 2, 57.713),
(347, 3, 14.349),
(347, 4, 3.861),
(347, 5, 699.741),
(347, 6, 364.290),
(347, 7, -12.966),
(347, 8, 39.884),
(348, 1, 32.550),
(348, 2, 136.098),
(348, 3, -3.692),
(348, 4, 4.267),
(348, 5, 312.188),
(348, 6, 700.297),
(348, 7, -205.059),
(348, 8, 5.386),
(349, 1, 266.566),
(349, 2, 221.992),
(349, 3, -56.928),
(349, 4, -37.365),
(349, 5, 448.539),
(349, 6, 576.817),
(349, 7, -42.630),
(349, 8, 137.143),
(350, 1, 180.626),
(350, 2, 184.397),
(350, 3, -33.415),
(350, 4, -26.484),
(350, 5, 488.421),
(350, 6, 541.127),
(350, 7, -25.560),
(350, 8, 123.054),
(351, 1, 180.626),
(351, 2, 184.397),
(351, 3, -33.415),
(351, 4, -26.484),
(351, 5, 488.421),
(351, 6, 541.127),
(351, 7, -25.560),
(351, 8, 123.054),
(352, 1, 34.028),
(352, 2, 168.222),
(352, 3, -0.382),
(352, 4, 0.761),
(352, 5, 217.670),
(352, 6, 700.345),
(352, 7, -266.345),
(352, 8, -3.407),
(353, 1, 30.910),
(353, 2, 72.830),
(353, 3, 11.760),
(353, 4, 11.790),
(353, 5, 844.809),
(353, 6, 244.520),
(353, 7, 20.480),
(353, 8, 77.120),
(354, 1, 69.431),
(354, 2, 123.157),
(354, 3, -15.341),
(354, 4, -9.886),
(354, 5, 838.131),
(354, 6, 121.502),
(354, 7, 24.412),
(354, 8, 74.067),
(355, 1, 180.626),
(355, 2, 184.397),
(355, 3, -33.415),
(355, 4, -26.484),
(355, 5, 488.421),
(355, 6, 541.127),
(355, 7, -25.560),
(355, 8, 123.054),
(356, 1, -48.060),
(356, 2, 198.269),
(356, 3, -51.509),
(356, 4, 48.261),
(356, 5, 200.000),
(356, 6, 291.661),
(356, 7, 125.233),
(356, 8, -122.709),
(357, 1, 180.626),
(357, 2, 184.397),
(357, 3, -33.415),
(357, 4, -26.484),
(357, 5, 488.421),
(357, 6, 541.127),
(357, 7, -25.560),
(357, 8, 123.054),
(358, 1, 180.626),
(358, 2, 184.397),
(358, 3, -33.415),
(358, 4, -26.484),
(358, 5, 488.421),
(358, 6, 541.127),
(358, 7, -25.560),
(358, 8, 123.054),
(359, 1, 53.809),
(359, 2, 136.637),
(359, 3, -19.897),
(359, 4, -13.663),
(359, 5, 307.980),
(359, 6, 700.105),
(359, 7, 29.169),
(359, 8, 9.552),
(360, 1, 32.579),
(360, 2, 109.997),
(360, 3, 11.194),
(360, 4, 3.420),
(360, 5, 412.884),
(360, 6, 207.329),
(360, 7, -38.377),
(360, 8, 91.470),
(361, 1, 60.393),
(361, 2, 92.383),
(361, 3, -16.477),
(361, 4, -0.015),
(361, 5, 199.918),
(361, 6, 700.152),
(361, 7, 34.310),
(361, 8, 68.050),
(362, 1, -69.367),
(362, 2, 219.694),
(362, 3, -58.801),
(362, 4, 57.278),
(362, 5, 200.000),
(362, 6, 291.995),
(362, 7, 147.640),
(362, 8, -154.002),
(363, 1, 266.566),
(363, 2, 221.992),
(363, 3, -56.928),
(363, 4, -37.365),
(363, 5, 448.539),
(363, 6, 576.817),
(363, 7, -42.630),
(363, 8, 137.143),
(364, 1, 180.626),
(364, 2, 184.397),
(364, 3, -33.415),
(364, 4, -26.484),
(364, 5, 488.421),
(364, 6, 541.127),
(364, 7, -25.560),
(364, 8, 123.054),
(365, 1, 34.028),
(365, 2, 168.222),
(365, 3, -0.382),
(365, 4, 0.761),
(365, 5, 217.670),
(365, 6, 700.345),
(365, 7, -266.345),
(365, 8, -3.407),
(366, 1, 180.626),
(366, 2, 184.397),
(366, 3, -33.415),
(366, 4, -26.484),
(366, 5, 488.421),
(366, 6, 541.127),
(366, 7, -25.560),
(366, 8, 123.054),
(367, 1, 88.910),
(367, 2, 19.150),
(367, 3, 14.230),
(367, 4, -11.240),
(367, 5, 642.110),
(367, 6, 612.890),
(367, 7, 22.480),
(367, 8, 97.880),
(368, 1, 14.228),
(368, 2, 57.713),
(368, 3, 14.349),
(368, 4, 3.861),
(368, 5, 699.741),
(368, 6, 364.290),
(368, 7, -12.966),
(368, 8, 39.884),
(369, 1, 32.550),
(369, 2, 136.098),
(369, 3, -3.692),
(369, 4, 4.267),
(369, 5, 312.188),
(369, 6, 700.297),
(369, 7, -205.059),
(369, 8, 5.386),
(370, 1, 266.566),
(370, 2, 221.992),
(370, 3, -56.928),
(370, 4, -37.365),
(370, 5, 448.539),
(370, 6, 576.817),
(370, 7, -42.630),
(370, 8, 137.143),
(371, 1, 180.626),
(371, 2, 184.397),
(371, 3, -33.415),
(371, 4, -26.484),
(371, 5, 488.421),
(371, 6, 541.127),
(371, 7, -25.560),
(371, 8, 123.054),
(372, 1, 180.626),
(372, 2, 184.397),
(372, 3, -33.415),
(372, 4, -26.484),
(372, 5, 488.421),
(372, 6, 541.127),
(372, 7, -25.560),
(372, 8, 123.054),
(373, 1, 34.028),
(373, 2, 168.222),
(373, 3, -0.382),
(373, 4, 0.761),
(373, 5, 217.670),
(373, 6, 700.345),
(373, 7, -266.345),
(373, 8, -3.407),
(374, 1, 30.910),
(374, 2, 72.830),
(374, 3, 11.760),
(374, 4, 11.790),
(374, 5, 844.809),
(374, 6, 244.520),
(374, 7, 20.480),
(374, 8, 77.120),
(375, 1, 69.431),
(375, 2, 123.157),
(375, 3, -15.341),
(375, 4, -9.886),
(375, 5, 838.131),
(375, 6, 121.502),
(375, 7, 24.412),
(375, 8, 74.067),
(376, 1, 180.626),
(376, 2, 184.397),
(376, 3, -33.415),
(376, 4, -26.484),
(376, 5, 488.421),
(376, 6, 541.127),
(376, 7, -25.560),
(376, 8, 123.054),
(377, 1, -48.060),
(377, 2, 198.269),
(377, 3, -51.509),
(377, 4, 48.261),
(377, 5, 200.000),
(377, 6, 291.661),
(377, 7, 125.233),
(377, 8, -122.709),
(378, 1, 180.626),
(378, 2, 184.397),
(378, 3, -33.415),
(378, 4, -26.484),
(378, 5, 488.421),
(378, 6, 541.127),
(378, 7, -25.560),
(378, 8, 123.054),
(379, 1, 180.626),
(379, 2, 184.397),
(379, 3, -33.415),
(379, 4, -26.484),
(379, 5, 488.421),
(379, 6, 541.127),
(379, 7, -25.560),
(379, 8, 123.054),
(380, 1, 53.809),
(380, 2, 136.637),
(380, 3, -19.897),
(380, 4, -13.663),
(380, 5, 307.980),
(380, 6, 700.105),
(380, 7, 29.169),
(380, 8, 9.552),
(381, 1, 32.579),
(381, 2, 109.997),
(381, 3, 11.194),
(381, 4, 3.420),
(381, 5, 412.884),
(381, 6, 207.329),
(381, 7, -38.377),
(381, 8, 91.470),
(382, 1, 60.393),
(382, 2, 92.383),
(382, 3, -16.477),
(382, 4, -0.015),
(382, 5, 199.918),
(382, 6, 700.152),
(382, 7, 34.310),
(382, 8, 68.050),
(383, 1, -69.367),
(383, 2, 219.694),
(383, 3, -58.801),
(383, 4, 57.278),
(383, 5, 200.000),
(383, 6, 291.995),
(383, 7, 147.640),
(383, 8, -154.002),
(384, 1, 266.566),
(384, 2, 221.992),
(384, 3, -56.928),
(384, 4, -37.365),
(384, 5, 448.539),
(384, 6, 576.817),
(384, 7, -42.630),
(384, 8, 137.143),
(385, 1, 180.626),
(385, 2, 184.397),
(385, 3, -33.415),
(385, 4, -26.484),
(385, 5, 488.421),
(385, 6, 541.127),
(385, 7, -25.560),
(385, 8, 123.054),
(386, 1, 34.028),
(386, 2, 168.222),
(386, 3, -0.382),
(386, 4, 0.761),
(386, 5, 217.670),
(386, 6, 700.345),
(386, 7, -266.345),
(386, 8, -3.407),
(387, 1, 180.626),
(387, 2, 184.397),
(387, 3, -33.415),
(387, 4, -26.484),
(387, 5, 488.421),
(387, 6, 541.127),
(387, 7, -25.560),
(387, 8, 123.054),
(388, 1, 22.640);
INSERT INTO `point_dimensions` (`point_id`, `dimension_id`, `value`) VALUES
(388, 2, 77.520),
(388, 3, -8.230),
(388, 4, -2.000),
(388, 5, -21.290),
(388, 6, 858.290),
(388, 7, 46.720),
(388, 8, 33.800),
(389, 1, 14.228),
(389, 2, 57.713),
(389, 3, 14.349),
(389, 4, 3.861),
(389, 5, 699.741),
(389, 6, 364.290),
(389, 7, -12.966),
(389, 8, 39.884),
(390, 1, 32.550),
(390, 2, 136.098),
(390, 3, -3.692),
(390, 4, 4.267),
(390, 5, 312.188),
(390, 6, 700.297),
(390, 7, -205.059),
(390, 8, 5.386),
(391, 1, 266.566),
(391, 2, 221.992),
(391, 3, -56.928),
(391, 4, -37.365),
(391, 5, 448.539),
(391, 6, 576.817),
(391, 7, -42.630),
(391, 8, 137.143),
(392, 1, 180.626),
(392, 2, 184.397),
(392, 3, -33.415),
(392, 4, -26.484),
(392, 5, 488.421),
(392, 6, 541.127),
(392, 7, -25.560),
(392, 8, 123.054),
(393, 1, 180.626),
(393, 2, 184.397),
(393, 3, -33.415),
(393, 4, -26.484),
(393, 5, 488.421),
(393, 6, 541.127),
(393, 7, -25.560),
(393, 8, 123.054),
(394, 1, 34.028),
(394, 2, 168.222),
(394, 3, -0.382),
(394, 4, 0.761),
(394, 5, 217.670),
(394, 6, 700.345),
(394, 7, -266.345),
(394, 8, -3.407),
(395, 1, 30.910),
(395, 2, 72.830),
(395, 3, 11.760),
(395, 4, 11.790),
(395, 5, 844.809),
(395, 6, 244.520),
(395, 7, 20.480),
(395, 8, 77.120),
(396, 1, 69.431),
(396, 2, 123.157),
(396, 3, -15.341),
(396, 4, -9.886),
(396, 5, 838.131),
(396, 6, 121.502),
(396, 7, 24.412),
(396, 8, 74.067),
(397, 1, 180.626),
(397, 2, 184.397),
(397, 3, -33.415),
(397, 4, -26.484),
(397, 5, 488.421),
(397, 6, 541.127),
(397, 7, -25.560),
(397, 8, 123.054),
(398, 1, -48.060),
(398, 2, 198.269),
(398, 3, -51.509),
(398, 4, 48.261),
(398, 5, 200.000),
(398, 6, 291.661),
(398, 7, 125.233),
(398, 8, -122.709),
(399, 1, 180.626),
(399, 2, 184.397),
(399, 3, -33.415),
(399, 4, -26.484),
(399, 5, 488.421),
(399, 6, 541.127),
(399, 7, -25.560),
(399, 8, 123.054),
(400, 1, 180.626),
(400, 2, 184.397),
(400, 3, -33.415),
(400, 4, -26.484),
(400, 5, 488.421),
(400, 6, 541.127),
(400, 7, -25.560),
(400, 8, 123.054),
(401, 1, 53.809),
(401, 2, 136.637),
(401, 3, -19.897),
(401, 4, -13.663),
(401, 5, 307.980),
(401, 6, 700.105),
(401, 7, 29.169),
(401, 8, 9.552),
(402, 1, 32.579),
(402, 2, 109.997),
(402, 3, 11.194),
(402, 4, 3.420),
(402, 5, 412.884),
(402, 6, 207.329),
(402, 7, -38.377),
(402, 8, 91.470),
(403, 1, 60.393),
(403, 2, 92.383),
(403, 3, -16.477),
(403, 4, -0.015),
(403, 5, 199.918),
(403, 6, 700.152),
(403, 7, 34.310),
(403, 8, 68.050),
(404, 1, -69.367),
(404, 2, 219.694),
(404, 3, -58.801),
(404, 4, 57.278),
(404, 5, 200.000),
(404, 6, 291.995),
(404, 7, 147.640),
(404, 8, -154.002),
(405, 1, 266.566),
(405, 2, 221.992),
(405, 3, -56.928),
(405, 4, -37.365),
(405, 5, 448.539),
(405, 6, 576.817),
(405, 7, -42.630),
(405, 8, 137.143),
(406, 1, 180.626),
(406, 2, 184.397),
(406, 3, -33.415),
(406, 4, -26.484),
(406, 5, 488.421),
(406, 6, 541.127),
(406, 7, -25.560),
(406, 8, 123.054),
(407, 1, 34.028),
(407, 2, 168.222),
(407, 3, -0.382),
(407, 4, 0.761),
(407, 5, 217.670),
(407, 6, 700.345),
(407, 7, -266.345),
(407, 8, -3.407),
(408, 1, 180.626),
(408, 2, 184.397),
(408, 3, -33.415),
(408, 4, -26.484),
(408, 5, 488.421),
(408, 6, 541.127),
(408, 7, -25.560),
(408, 8, 123.054),
(409, 1, 50.630),
(409, 2, 74.360),
(409, 3, 4.370),
(409, 4, -8.170),
(409, 5, 363.630),
(409, 6, 417.400),
(409, 7, 49.460),
(409, 8, 65.510),
(410, 1, 14.228),
(410, 2, 57.713),
(410, 3, 14.349),
(410, 4, 3.861),
(410, 5, 699.741),
(410, 6, 364.290),
(410, 7, -12.966),
(410, 8, 39.884),
(411, 1, 32.550),
(411, 2, 136.098),
(411, 3, -3.692),
(411, 4, 4.267),
(411, 5, 312.188),
(411, 6, 700.297),
(411, 7, -205.059),
(411, 8, 5.386),
(412, 1, 266.566),
(412, 2, 221.992),
(412, 3, -56.928),
(412, 4, -37.365),
(412, 5, 448.539),
(412, 6, 576.817),
(412, 7, -42.630),
(412, 8, 137.143),
(413, 1, 180.626),
(413, 2, 184.397),
(413, 3, -33.415),
(413, 4, -26.484),
(413, 5, 488.421),
(413, 6, 541.127),
(413, 7, -25.560),
(413, 8, 123.054),
(414, 1, 180.626),
(414, 2, 184.397),
(414, 3, -33.415),
(414, 4, -26.484),
(414, 5, 488.421),
(414, 6, 541.127),
(414, 7, -25.560),
(414, 8, 123.054),
(415, 1, 34.028),
(415, 2, 168.222),
(415, 3, -0.382),
(415, 4, 0.761),
(415, 5, 217.670),
(415, 6, 700.345),
(415, 7, -266.345),
(415, 8, -3.407),
(416, 1, 30.910),
(416, 2, 72.830),
(416, 3, 11.760),
(416, 4, 11.790),
(416, 5, 844.809),
(416, 6, 244.520),
(416, 7, 20.480),
(416, 8, 77.120),
(417, 1, 69.431),
(417, 2, 123.157),
(417, 3, -15.341),
(417, 4, -9.886),
(417, 5, 838.131),
(417, 6, 121.502),
(417, 7, 24.412),
(417, 8, 74.067),
(418, 1, 180.626),
(418, 2, 184.397),
(418, 3, -33.415),
(418, 4, -26.484),
(418, 5, 488.421),
(418, 6, 541.127),
(418, 7, -25.560),
(418, 8, 123.054),
(419, 1, -48.060),
(419, 2, 198.269),
(419, 3, -51.509),
(419, 4, 48.261),
(419, 5, 200.000),
(419, 6, 291.661),
(419, 7, 125.233),
(419, 8, -122.709),
(420, 1, 180.626),
(420, 2, 184.397),
(420, 3, -33.415),
(420, 4, -26.484),
(420, 5, 488.421),
(420, 6, 541.127),
(420, 7, -25.560),
(420, 8, 123.054),
(421, 1, 180.626),
(421, 2, 184.397),
(421, 3, -33.415),
(421, 4, -26.484),
(421, 5, 488.421),
(421, 6, 541.127),
(421, 7, -25.560),
(421, 8, 123.054),
(422, 1, 53.809),
(422, 2, 136.637),
(422, 3, -19.897),
(422, 4, -13.663),
(422, 5, 307.980),
(422, 6, 700.105),
(422, 7, 29.169),
(422, 8, 9.552),
(423, 1, 32.579),
(423, 2, 109.997),
(423, 3, 11.194),
(423, 4, 3.420),
(423, 5, 412.884),
(423, 6, 207.329),
(423, 7, -38.377),
(423, 8, 91.470),
(424, 1, 60.393),
(424, 2, 92.383),
(424, 3, -16.477),
(424, 4, -0.015),
(424, 5, 199.918),
(424, 6, 700.152),
(424, 7, 34.310),
(424, 8, 68.050),
(425, 1, -69.367),
(425, 2, 219.694),
(425, 3, -58.801),
(425, 4, 57.278),
(425, 5, 200.000),
(425, 6, 291.995),
(425, 7, 147.640),
(425, 8, -154.002),
(426, 1, 266.566),
(426, 2, 221.992),
(426, 3, -56.928),
(426, 4, -37.365),
(426, 5, 448.539),
(426, 6, 576.817),
(426, 7, -42.630),
(426, 8, 137.143),
(427, 1, 180.626),
(427, 2, 184.397),
(427, 3, -33.415),
(427, 4, -26.484),
(427, 5, 488.421),
(427, 6, 541.127),
(427, 7, -25.560),
(427, 8, 123.054),
(428, 1, 34.028),
(428, 2, 168.222),
(428, 3, -0.382),
(428, 4, 0.761),
(428, 5, 217.670),
(428, 6, 700.345),
(428, 7, -266.345),
(428, 8, -3.407),
(429, 1, 180.626),
(429, 2, 184.397),
(429, 3, -33.415),
(429, 4, -26.484),
(429, 5, 488.421),
(429, 6, 541.127),
(429, 7, -25.560),
(429, 8, 123.054);

-- --------------------------------------------------------

--
-- Table structure for table `runs`
--

CREATE TABLE IF NOT EXISTS `runs` (
  `id` int(10) unsigned NOT NULL AUTO_INCREMENT,
  `date_created` datetime NOT NULL,
  `pad_detectors` tinyint(1) NOT NULL DEFAULT '0',
  `max_variation` float(11,3) NOT NULL DEFAULT '0.000',
  `max_overlap` float(11,3) NOT NULL DEFAULT '0.000',
  `dimensions` int(10) unsigned NOT NULL DEFAULT '0',
  `max_population` int(10) unsigned NOT NULL DEFAULT '0',
  `max_radius` float(11,3) NOT NULL DEFAULT '0.000',
  `max_tests` int(10) unsigned NOT NULL DEFAULT '0',
  `next_gen_after` int(10) unsigned NOT NULL DEFAULT '0',
  `top_toclone` int(10) unsigned NOT NULL DEFAULT '0',
  `detector_sortfield` varchar(255) NOT NULL DEFAULT '',
  `max_dim` int(10) unsigned NOT NULL DEFAULT '0',
  `autoradius` tinyint(1) NOT NULL DEFAULT '0',
  `start_padding` tinyint(1) NOT NULL DEFAULT '0',
  `runtime` float(20,15) NOT NULL DEFAULT '0.000000000000000',
  `finished` tinyint(1) NOT NULL DEFAULT '0',
  PRIMARY KEY (`id`)
) ENGINE=InnoDB  DEFAULT CHARSET=utf8 AUTO_INCREMENT=2 ;

--
-- Dumping data for table `runs`
--

INSERT INTO `runs` (`id`, `date_created`, `pad_detectors`, `max_variation`, `max_overlap`, `dimensions`, `max_population`, `max_radius`, `max_tests`, `next_gen_after`, `top_toclone`, `detector_sortfield`, `max_dim`, `autoradius`, `start_padding`, `runtime`, `finished`) VALUES
(1, '2013-07-26 05:39:26', 1, 0.200, 0.100, 8, 20, 300.000, 20, 5, 4, 'score', 10, 1, 1, 45.079753875732420, 1);

-- --------------------------------------------------------

--
-- Table structure for table `tests`
--

CREATE TABLE IF NOT EXISTS `tests` (
  `id` int(10) unsigned NOT NULL AUTO_INCREMENT,
  `run_id` int(10) unsigned NOT NULL DEFAULT '0',
  `antigen_point_id` int(10) unsigned NOT NULL DEFAULT '0',
  `result` tinyint(1) NOT NULL DEFAULT '0',
  `generation` int(10) unsigned NOT NULL DEFAULT '0',
  `detector_id` int(10) unsigned NOT NULL DEFAULT '0',
  PRIMARY KEY (`id`)
) ENGINE=InnoDB  DEFAULT CHARSET=utf8 AUTO_INCREMENT=21 ;

--
-- Dumping data for table `tests`
--

INSERT INTO `tests` (`id`, `run_id`, `antigen_point_id`, `result`, `generation`, `detector_id`) VALUES
(1, 1, 10, 1, 0, 17),
(2, 1, 31, 1, 0, 32),
(3, 1, 52, 1, 0, 56),
(4, 1, 73, 0, 0, 61),
(5, 1, 94, 1, 0, 96),
(6, 1, 115, 1, 0, 113),
(7, 1, 136, 1, 1, 127),
(8, 1, 157, 1, 1, 156),
(9, 1, 178, 1, 1, 180),
(10, 1, 199, 1, 1, 200),
(11, 1, 220, 1, 1, 208),
(12, 1, 241, 0, 2, 221),
(13, 1, 262, 1, 2, 260),
(14, 1, 283, 1, 2, 279),
(15, 1, 304, 1, 2, 300),
(16, 1, 325, 1, 2, 314),
(17, 1, 346, 1, 3, 340),
(18, 1, 367, 1, 3, 360),
(19, 1, 388, 1, 3, 375),
(20, 1, 409, 1, 3, 400);

/*!40101 SET CHARACTER_SET_CLIENT=@OLD_CHARACTER_SET_CLIENT */;
/*!40101 SET CHARACTER_SET_RESULTS=@OLD_CHARACTER_SET_RESULTS */;
/*!40101 SET COLLATION_CONNECTION=@OLD_COLLATION_CONNECTION */;
